folder,filename,image_ok,mask_ok,image_width,image_height,mask_width,mask_height,same_size
dataA,02_00_000.png,True,True,800,600,800,600,True
dataA,02_00_001.png,True,True,800,600,800,600,True
dataA,02_00_010.png,True,True,800,600,800,600,True
dataA,02_00_011.png,True,True,800,600,800,600,True
dataA,02_00_020.png,True,True,800,600,800,600,True
dataA,02_00_021.png,True,True,800,600,800,600,True
dataA,02_00_030.png,True,True,800,600,800,600,True
dataA,02_00_031.png,True,True,800,600,800,600,True
dataA,02_00_040.png,True,True,800,600,800,600,True
dataA,02_00_041.png,True,True,800,600,800,600,True
dataA,02_00_050.png,True,True,800,600,800,600,True
dataA,02_00_051.png,True,True,800,600,800,600,True
dataA,02_00_060.png,True,True,800,600,800,600,True
dataA,02_00_061.png,True,True,800,600,800,600,True
dataA,02_00_070.png,True,True,800,600,800,600,True
dataA,02_00_071.png,True,True,800,600,800,600,True
dataA,02_00_080.png,True,True,800,600,800,600,True
dataA,02_00_081.png,True,True,800,600,800,600,True
dataA,02_00_090.png,True,True,800,600,800,600,True
dataA,02_00_091.png,True,True,800,600,800,600,True
dataA,02_00_100.png,True,True,800,600,800,600,True
dataA,02_00_101.png,True,True,800,600,800,600,True
dataA,02_00_110.png,True,True,800,600,800,600,True
dataA,02_00_111.png,True,True,800,600,800,600,True
dataA,02_00_120.png,True,True,800,600,800,600,True
dataA,02_00_121.png,True,True,800,600,800,600,True
dataA,02_00_130.png,True,True,800,600,800,600,True
dataA,02_00_131.png,True,True,800,600,800,600,True
dataA,02_00_140.png,True,True,800,600,800,600,True
dataA,02_00_141.png,True,True,800,600,800,600,True
dataA,02_00_150.png,True,True,800,600,800,600,True
dataA,02_00_151.png,True,True,800,600,800,600,True
dataA,02_00_160.png,True,True,800,600,800,600,True
dataA,02_00_161.png,True,True,800,600,800,600,True
dataA,02_00_170.png,True,True,800,600,800,600,True
dataA,02_00_171.png,True,True,800,600,800,600,True
dataA,02_00_180.png,True,True,800,600,800,600,True
dataA,02_00_181.png,True,True,800,600,800,600,True
dataA,02_00_190.png,True,True,800,600,800,600,True
dataA,02_00_191.png,True,True,800,600,800,600,True
dataA,02_00_200.png,True,True,800,600,800,600,True
dataA,02_00_201.png,True,True,800,600,800,600,True
dataA,02_00_210.png,True,True,800,600,800,600,True
dataA,02_00_211.png,True,True,800,600,800,600,True
dataA,02_00_220.png,True,True,800,600,800,600,True
dataA,02_00_221.png,True,True,800,600,800,600,True
dataA,02_00_230.png,True,True,800,600,800,600,True
dataA,02_00_231.png,True,True,800,600,800,600,True
dataA,02_00_240.png,True,True,800,600,800,600,True
dataA,02_00_241.png,True,True,800,600,800,600,True
dataA,02_01_000.png,True,True,800,600,800,600,True
dataA,02_01_001.png,True,True,800,600,800,600,True
dataA,02_01_010.png,True,True,800,600,800,600,True
dataA,02_01_011.png,True,True,800,600,800,600,True
dataA,02_01_020.png,True,True,800,600,800,600,True
dataA,02_01_021.png,True,True,800,600,800,600,True
dataA,02_01_030.png,True,True,800,600,800,600,True
dataA,02_01_031.png,True,True,800,600,800,600,True
dataA,02_01_040.png,True,True,800,600,800,600,True
dataA,02_01_041.png,True,True,800,600,800,600,True
dataA,02_01_050.png,True,True,800,600,800,600,True
dataA,02_01_051.png,True,True,800,600,800,600,True
dataA,02_01_060.png,True,True,800,600,800,600,True
dataA,02_01_061.png,True,True,800,600,800,600,True
dataA,02_01_070.png,True,True,800,600,800,600,True
dataA,02_01_071.png,True,True,800,600,800,600,True
dataA,02_01_080.png,True,True,800,600,800,600,True
dataA,02_01_081.png,True,True,800,600,800,600,True
dataA,02_01_090.png,True,True,800,600,800,600,True
dataA,02_01_091.png,True,True,800,600,800,600,True
dataA,02_01_100.png,True,True,800,600,800,600,True
dataA,02_01_101.png,True,True,800,600,800,600,True
dataA,02_01_110.png,True,True,800,600,800,600,True
dataA,02_01_111.png,True,True,800,600,800,600,True
dataA,02_01_120.png,True,True,800,600,800,600,True
dataA,02_01_121.png,True,True,800,600,800,600,True
dataA,02_01_130.png,True,True,800,600,800,600,True
dataA,02_01_131.png,True,True,800,600,800,600,True
dataA,02_01_140.png,True,True,800,600,800,600,True
dataA,02_01_141.png,True,True,800,600,800,600,True
dataA,02_01_150.png,True,True,800,600,800,600,True
dataA,02_01_151.png,True,True,800,600,800,600,True
dataA,02_01_160.png,True,True,800,600,800,600,True
dataA,02_01_161.png,True,True,800,600,800,600,True
dataA,02_01_170.png,True,True,800,600,800,600,True
dataA,02_01_171.png,True,True,800,600,800,600,True
dataA,02_01_180.png,True,True,800,600,800,600,True
dataA,02_01_181.png,True,True,800,600,800,600,True
dataA,02_01_190.png,True,True,800,600,800,600,True
dataA,02_01_191.png,True,True,800,600,800,600,True
dataA,02_01_200.png,True,True,800,600,800,600,True
dataA,02_01_201.png,True,True,800,600,800,600,True
dataA,02_01_210.png,True,True,800,600,800,600,True
dataA,02_01_211.png,True,True,800,600,800,600,True
dataA,02_01_220.png,True,True,800,600,800,600,True
dataA,02_01_221.png,True,True,800,600,800,600,True
dataA,02_01_230.png,True,True,800,600,800,600,True
dataA,02_01_231.png,True,True,800,600,800,600,True
dataA,02_01_240.png,True,True,800,600,800,600,True
dataA,02_01_241.png,True,True,800,600,800,600,True
dataA,02_02_000.png,True,True,800,600,800,600,True
dataA,02_02_001.png,True,True,800,600,800,600,True
dataA,02_02_010.png,True,True,800,600,800,600,True
dataA,02_02_011.png,True,True,800,600,800,600,True
dataA,02_02_020.png,True,True,800,600,800,600,True
dataA,02_02_021.png,True,True,800,600,800,600,True
dataA,02_02_030.png,True,True,800,600,800,600,True
dataA,02_02_031.png,True,True,800,600,800,600,True
dataA,02_02_040.png,True,True,800,600,800,600,True
dataA,02_02_041.png,True,True,800,600,800,600,True
dataA,02_02_050.png,True,True,800,600,800,600,True
dataA,02_02_051.png,True,True,800,600,800,600,True
dataA,02_02_060.png,True,True,800,600,800,600,True
dataA,02_02_061.png,True,True,800,600,800,600,True
dataA,02_02_070.png,True,True,800,600,800,600,True
dataA,02_02_071.png,True,True,800,600,800,600,True
dataA,02_02_080.png,True,True,800,600,800,600,True
dataA,02_02_081.png,True,True,800,600,800,600,True
dataA,02_02_090.png,True,True,800,600,800,600,True
dataA,02_02_091.png,True,True,800,600,800,600,True
dataA,02_02_100.png,True,True,800,600,800,600,True
dataA,02_02_101.png,True,True,800,600,800,600,True
dataA,02_02_110.png,True,True,800,600,800,600,True
dataA,02_02_111.png,True,True,800,600,800,600,True
dataA,02_02_120.png,True,True,800,600,800,600,True
dataA,02_02_121.png,True,True,800,600,800,600,True
dataA,02_02_130.png,True,True,800,600,800,600,True
dataA,02_02_131.png,True,True,800,600,800,600,True
dataA,02_02_140.png,True,True,800,600,800,600,True
dataA,02_02_141.png,True,True,800,600,800,600,True
dataA,02_02_150.png,True,True,800,600,800,600,True
dataA,02_02_151.png,True,True,800,600,800,600,True
dataA,02_02_160.png,True,True,800,600,800,600,True
dataA,02_02_161.png,True,True,800,600,800,600,True
dataA,02_02_170.png,True,True,800,600,800,600,True
dataA,02_02_171.png,True,True,800,600,800,600,True
dataA,02_02_180.png,True,True,800,600,800,600,True
dataA,02_02_181.png,True,True,800,600,800,600,True
dataA,02_02_190.png,True,True,800,600,800,600,True
dataA,02_02_191.png,True,True,800,600,800,600,True
dataA,02_02_200.png,True,True,800,600,800,600,True
dataA,02_02_201.png,True,True,800,600,800,600,True
dataA,02_02_210.png,True,True,800,600,800,600,True
dataA,02_02_211.png,True,True,800,600,800,600,True
dataA,02_02_220.png,True,True,800,600,800,600,True
dataA,02_02_221.png,True,True,800,600,800,600,True
dataA,02_02_230.png,True,True,800,600,800,600,True
dataA,02_02_231.png,True,True,800,600,800,600,True
dataA,02_02_240.png,True,True,800,600,800,600,True
dataA,02_02_241.png,True,True,800,600,800,600,True
dataA,03_00_000.png,True,True,800,600,800,600,True
dataA,03_00_001.png,True,True,800,600,800,600,True
dataA,03_00_010.png,True,True,800,600,800,600,True
dataA,03_00_011.png,True,True,800,600,800,600,True
dataA,03_00_020.png,True,True,800,600,800,600,True
dataA,03_00_021.png,True,True,800,600,800,600,True
dataA,03_00_030.png,True,True,800,600,800,600,True
dataA,03_00_031.png,True,True,800,600,800,600,True
dataA,03_00_040.png,True,True,800,600,800,600,True
dataA,03_00_041.png,True,True,800,600,800,600,True
dataA,03_00_050.png,True,True,800,600,800,600,True
dataA,03_00_051.png,True,True,800,600,800,600,True
dataA,03_00_060.png,True,True,800,600,800,600,True
dataA,03_00_061.png,True,True,800,600,800,600,True
dataA,03_00_070.png,True,True,800,600,800,600,True
dataA,03_00_071.png,True,True,800,600,800,600,True
dataA,03_00_080.png,True,True,800,600,800,600,True
dataA,03_00_081.png,True,True,800,600,800,600,True
dataA,03_00_090.png,True,True,800,600,800,600,True
dataA,03_00_091.png,True,True,800,600,800,600,True
dataA,03_00_100.png,True,True,800,600,800,600,True
dataA,03_00_101.png,True,True,800,600,800,600,True
dataA,03_00_110.png,True,True,800,600,800,600,True
dataA,03_00_111.png,True,True,800,600,800,600,True
dataA,03_00_120.png,True,True,800,600,800,600,True
dataA,03_00_121.png,True,True,800,600,800,600,True
dataA,03_00_130.png,True,True,800,600,800,600,True
dataA,03_00_131.png,True,True,800,600,800,600,True
dataA,03_00_140.png,True,True,800,600,800,600,True
dataA,03_00_141.png,True,True,800,600,800,600,True
dataA,03_00_150.png,True,True,800,600,800,600,True
dataA,03_00_151.png,True,True,800,600,800,600,True
dataA,03_00_160.png,True,True,800,600,800,600,True
dataA,03_00_161.png,True,True,800,600,800,600,True
dataA,03_00_170.png,True,True,800,600,800,600,True
dataA,03_00_171.png,True,True,800,600,800,600,True
dataA,03_00_180.png,True,True,800,600,800,600,True
dataA,03_00_181.png,True,True,800,600,800,600,True
dataA,03_00_190.png,True,True,800,600,800,600,True
dataA,03_00_191.png,True,True,800,600,800,600,True
dataA,03_00_200.png,True,True,800,600,800,600,True
dataA,03_00_201.png,True,True,800,600,800,600,True
dataA,03_00_210.png,True,True,800,600,800,600,True
dataA,03_00_211.png,True,True,800,600,800,600,True
dataA,03_00_220.png,True,True,800,600,800,600,True
dataA,03_00_221.png,True,True,800,600,800,600,True
dataA,03_00_230.png,True,True,800,600,800,600,True
dataA,03_00_231.png,True,True,800,600,800,600,True
dataA,03_00_240.png,True,True,800,600,800,600,True
dataA,03_00_241.png,True,True,800,600,800,600,True
dataA,03_01_000.png,True,True,800,600,800,600,True
dataA,03_01_001.png,True,True,800,600,800,600,True
dataA,03_01_010.png,True,True,800,600,800,600,True
dataA,03_01_011.png,True,True,800,600,800,600,True
dataA,03_01_020.png,True,True,800,600,800,600,True
dataA,03_01_021.png,True,True,800,600,800,600,True
dataA,03_01_030.png,True,True,800,600,800,600,True
dataA,03_01_031.png,True,True,800,600,800,600,True
dataA,03_01_040.png,True,True,800,600,800,600,True
dataA,03_01_041.png,True,True,800,600,800,600,True
dataA,03_01_050.png,True,True,800,600,800,600,True
dataA,03_01_051.png,True,True,800,600,800,600,True
dataA,03_01_060.png,True,True,800,600,800,600,True
dataA,03_01_061.png,True,True,800,600,800,600,True
dataA,03_01_070.png,True,True,800,600,800,600,True
dataA,03_01_071.png,True,True,800,600,800,600,True
dataA,03_01_080.png,True,True,800,600,800,600,True
dataA,03_01_081.png,True,True,800,600,800,600,True
dataA,03_01_090.png,True,True,800,600,800,600,True
dataA,03_01_091.png,True,True,800,600,800,600,True
dataA,03_01_100.png,True,True,800,600,800,600,True
dataA,03_01_101.png,True,True,800,600,800,600,True
dataA,03_01_110.png,True,True,800,600,800,600,True
dataA,03_01_111.png,True,True,800,600,800,600,True
dataA,03_01_120.png,True,True,800,600,800,600,True
dataA,03_01_121.png,True,True,800,600,800,600,True
dataA,03_01_130.png,True,True,800,600,800,600,True
dataA,03_01_131.png,True,True,800,600,800,600,True
dataA,03_01_140.png,True,True,800,600,800,600,True
dataA,03_01_141.png,True,True,800,600,800,600,True
dataA,03_01_150.png,True,True,800,600,800,600,True
dataA,03_01_151.png,True,True,800,600,800,600,True
dataA,03_01_160.png,True,True,800,600,800,600,True
dataA,03_01_161.png,True,True,800,600,800,600,True
dataA,03_01_170.png,True,True,800,600,800,600,True
dataA,03_01_171.png,True,True,800,600,800,600,True
dataA,03_01_180.png,True,True,800,600,800,600,True
dataA,03_01_181.png,True,True,800,600,800,600,True
dataA,03_01_190.png,True,True,800,600,800,600,True
dataA,03_01_191.png,True,True,800,600,800,600,True
dataA,03_01_200.png,True,True,800,600,800,600,True
dataA,03_01_201.png,True,True,800,600,800,600,True
dataA,03_01_210.png,True,True,800,600,800,600,True
dataA,03_01_211.png,True,True,800,600,800,600,True
dataA,03_01_220.png,True,True,800,600,800,600,True
dataA,03_01_221.png,True,True,800,600,800,600,True
dataA,03_01_230.png,True,True,800,600,800,600,True
dataA,03_01_231.png,True,True,800,600,800,600,True
dataA,03_01_240.png,True,True,800,600,800,600,True
dataA,03_01_241.png,True,True,800,600,800,600,True
dataA,04_00_000.png,True,True,800,600,800,600,True
dataA,04_00_001.png,True,True,800,600,800,600,True
dataA,04_00_010.png,True,True,800,600,800,600,True
dataA,04_00_011.png,True,True,800,600,800,600,True
dataA,04_00_020.png,True,True,800,600,800,600,True
dataA,04_00_021.png,True,True,800,600,800,600,True
dataA,04_00_030.png,True,True,800,600,800,600,True
dataA,04_00_031.png,True,True,800,600,800,600,True
dataA,04_00_040.png,True,True,800,600,800,600,True
dataA,04_00_041.png,True,True,800,600,800,600,True
dataA,04_00_050.png,True,True,800,600,800,600,True
dataA,04_00_051.png,True,True,800,600,800,600,True
dataA,04_00_060.png,True,True,800,600,800,600,True
dataA,04_00_061.png,True,True,800,600,800,600,True
dataA,04_00_070.png,True,True,800,600,800,600,True
dataA,04_00_071.png,True,True,800,600,800,600,True
dataA,04_00_080.png,True,True,800,600,800,600,True
dataA,04_00_081.png,True,True,800,600,800,600,True
dataA,04_00_090.png,True,True,800,600,800,600,True
dataA,04_00_091.png,True,True,800,600,800,600,True
dataA,04_00_100.png,True,True,800,600,800,600,True
dataA,04_00_101.png,True,True,800,600,800,600,True
dataA,04_00_110.png,True,True,800,600,800,600,True
dataA,04_00_111.png,True,True,800,600,800,600,True
dataA,04_00_120.png,True,True,800,600,800,600,True
dataA,04_00_121.png,True,True,800,600,800,600,True
dataA,04_00_130.png,True,True,800,600,800,600,True
dataA,04_00_131.png,True,True,800,600,800,600,True
dataA,04_00_140.png,True,True,800,600,800,600,True
dataA,04_00_141.png,True,True,800,600,800,600,True
dataA,04_00_150.png,True,True,800,600,800,600,True
dataA,04_00_151.png,True,True,800,600,800,600,True
dataA,04_00_160.png,True,True,800,600,800,600,True
dataA,04_00_161.png,True,True,800,600,800,600,True
dataA,04_00_170.png,True,True,800,600,800,600,True
dataA,04_00_171.png,True,True,800,600,800,600,True
dataA,04_00_180.png,True,True,800,600,800,600,True
dataA,04_00_181.png,True,True,800,600,800,600,True
dataA,04_00_190.png,True,True,800,600,800,600,True
dataA,04_00_191.png,True,True,800,600,800,600,True
dataA,04_00_200.png,True,True,800,600,800,600,True
dataA,04_00_201.png,True,True,800,600,800,600,True
dataA,04_00_210.png,True,True,800,600,800,600,True
dataA,04_00_211.png,True,True,800,600,800,600,True
dataA,04_00_220.png,True,True,800,600,800,600,True
dataA,04_00_221.png,True,True,800,600,800,600,True
dataA,04_00_230.png,True,True,800,600,800,600,True
dataA,04_00_231.png,True,True,800,600,800,600,True
dataA,04_00_240.png,True,True,800,600,800,600,True
dataA,04_00_241.png,True,True,800,600,800,600,True
dataA,05_00_000.png,True,True,800,600,800,600,True
dataA,05_00_001.png,True,True,800,600,800,600,True
dataA,05_00_010.png,True,True,800,600,800,600,True
dataA,05_00_011.png,True,True,800,600,800,600,True
dataA,05_00_020.png,True,True,800,600,800,600,True
dataA,05_00_021.png,True,True,800,600,800,600,True
dataA,05_00_030.png,True,True,800,600,800,600,True
dataA,05_00_031.png,True,True,800,600,800,600,True
dataA,05_00_040.png,True,True,800,600,800,600,True
dataA,05_00_041.png,True,True,800,600,800,600,True
dataA,05_00_050.png,True,True,800,600,800,600,True
dataA,05_00_051.png,True,True,800,600,800,600,True
dataA,05_00_060.png,True,True,800,600,800,600,True
dataA,05_00_061.png,True,True,800,600,800,600,True
dataA,05_00_070.png,True,True,800,600,800,600,True
dataA,05_00_071.png,True,True,800,600,800,600,True
dataA,05_00_080.png,True,True,800,600,800,600,True
dataA,05_00_081.png,True,True,800,600,800,600,True
dataA,05_00_090.png,True,True,800,600,800,600,True
dataA,05_00_091.png,True,True,800,600,800,600,True
dataA,05_00_100.png,True,True,800,600,800,600,True
dataA,05_00_101.png,True,True,800,600,800,600,True
dataA,05_00_110.png,True,True,800,600,800,600,True
dataA,05_00_111.png,True,True,800,600,800,600,True
dataA,05_00_120.png,True,True,800,600,800,600,True
dataA,05_00_121.png,True,True,800,600,800,600,True
dataA,05_00_130.png,True,True,800,600,800,600,True
dataA,05_00_131.png,True,True,800,600,800,600,True
dataA,05_00_140.png,True,True,800,600,800,600,True
dataA,05_00_141.png,True,True,800,600,800,600,True
dataA,05_00_150.png,True,True,800,600,800,600,True
dataA,05_00_151.png,True,True,800,600,800,600,True
dataA,05_00_160.png,True,True,800,600,800,600,True
dataA,05_00_161.png,True,True,800,600,800,600,True
dataA,05_00_170.png,True,True,800,600,800,600,True
dataA,05_00_171.png,True,True,800,600,800,600,True
dataA,05_00_180.png,True,True,800,600,800,600,True
dataA,05_00_181.png,True,True,800,600,800,600,True
dataA,05_00_190.png,True,True,800,600,800,600,True
dataA,05_00_191.png,True,True,800,600,800,600,True
dataA,05_00_200.png,True,True,800,600,800,600,True
dataA,05_00_201.png,True,True,800,600,800,600,True
dataA,05_00_210.png,True,True,800,600,800,600,True
dataA,05_00_211.png,True,True,800,600,800,600,True
dataA,05_00_220.png,True,True,800,600,800,600,True
dataA,05_00_221.png,True,True,800,600,800,600,True
dataA,05_00_230.png,True,True,800,600,800,600,True
dataA,05_00_231.png,True,True,800,600,800,600,True
dataA,05_00_240.png,True,True,800,600,800,600,True
dataA,05_00_241.png,True,True,800,600,800,600,True
dataA,06_00_000.png,True,True,800,600,800,600,True
dataA,06_00_001.png,True,True,800,600,800,600,True
dataA,06_00_010.png,True,True,800,600,800,600,True
dataA,06_00_011.png,True,True,800,600,800,600,True
dataA,06_00_020.png,True,True,800,600,800,600,True
dataA,06_00_021.png,True,True,800,600,800,600,True
dataA,06_00_030.png,True,True,800,600,800,600,True
dataA,06_00_031.png,True,True,800,600,800,600,True
dataA,06_00_040.png,True,True,800,600,800,600,True
dataA,06_00_041.png,True,True,800,600,800,600,True
dataA,06_00_050.png,True,True,800,600,800,600,True
dataA,06_00_051.png,True,True,800,600,800,600,True
dataA,06_00_060.png,True,True,800,600,800,600,True
dataA,06_00_061.png,True,True,800,600,800,600,True
dataA,06_00_070.png,True,True,800,600,800,600,True
dataA,06_00_071.png,True,True,800,600,800,600,True
dataA,06_00_080.png,True,True,800,600,800,600,True
dataA,06_00_081.png,True,True,800,600,800,600,True
dataA,06_00_090.png,True,True,800,600,800,600,True
dataA,06_00_091.png,True,True,800,600,800,600,True
dataA,06_00_100.png,True,True,800,600,800,600,True
dataA,06_00_101.png,True,True,800,600,800,600,True
dataA,06_00_110.png,True,True,800,600,800,600,True
dataA,06_00_111.png,True,True,800,600,800,600,True
dataA,06_00_120.png,True,True,800,600,800,600,True
dataA,06_00_121.png,True,True,800,600,800,600,True
dataA,06_00_130.png,True,True,800,600,800,600,True
dataA,06_00_131.png,True,True,800,600,800,600,True
dataA,06_00_140.png,True,True,800,600,800,600,True
dataA,06_00_141.png,True,True,800,600,800,600,True
dataA,06_00_150.png,True,True,800,600,800,600,True
dataA,06_00_151.png,True,True,800,600,800,600,True
dataA,06_00_160.png,True,True,800,600,800,600,True
dataA,06_00_161.png,True,True,800,600,800,600,True
dataA,06_00_170.png,True,True,800,600,800,600,True
dataA,06_00_171.png,True,True,800,600,800,600,True
dataA,06_00_180.png,True,True,800,600,800,600,True
dataA,06_00_181.png,True,True,800,600,800,600,True
dataA,06_00_190.png,True,True,800,600,800,600,True
dataA,06_00_191.png,True,True,800,600,800,600,True
dataA,06_00_200.png,True,True,800,600,800,600,True
dataA,06_00_201.png,True,True,800,600,800,600,True
dataA,06_00_210.png,True,True,800,600,800,600,True
dataA,06_00_211.png,True,True,800,600,800,600,True
dataA,06_00_220.png,True,True,800,600,800,600,True
dataA,06_00_221.png,True,True,800,600,800,600,True
dataA,06_00_230.png,True,True,800,600,800,600,True
dataA,06_00_231.png,True,True,800,600,800,600,True
dataA,06_00_240.png,True,True,800,600,800,600,True
dataA,06_00_241.png,True,True,800,600,800,600,True
dataA,07_00_000.png,True,True,800,600,800,600,True
dataA,07_00_001.png,True,True,800,600,800,600,True
dataA,07_00_010.png,True,True,800,600,800,600,True
dataA,07_00_011.png,True,True,800,600,800,600,True
dataA,07_00_020.png,True,True,800,600,800,600,True
dataA,07_00_021.png,True,True,800,600,800,600,True
dataA,07_00_030.png,True,True,800,600,800,600,True
dataA,07_00_031.png,True,True,800,600,800,600,True
dataA,07_00_040.png,True,True,800,600,800,600,True
dataA,07_00_041.png,True,True,800,600,800,600,True
dataA,07_00_050.png,True,True,800,600,800,600,True
dataA,07_00_051.png,True,True,800,600,800,600,True
dataA,07_00_060.png,True,True,800,600,800,600,True
dataA,07_00_061.png,True,True,800,600,800,600,True
dataA,07_00_070.png,True,True,800,600,800,600,True
dataA,07_00_071.png,True,True,800,600,800,600,True
dataA,07_00_080.png,True,True,800,600,800,600,True
dataA,07_00_081.png,True,True,800,600,800,600,True
dataA,07_00_090.png,True,True,800,600,800,600,True
dataA,07_00_091.png,True,True,800,600,800,600,True
dataA,07_00_100.png,True,True,800,600,800,600,True
dataA,07_00_101.png,True,True,800,600,800,600,True
dataA,07_00_110.png,True,True,800,600,800,600,True
dataA,07_00_111.png,True,True,800,600,800,600,True
dataA,07_00_120.png,True,True,800,600,800,600,True
dataA,07_00_121.png,True,True,800,600,800,600,True
dataA,07_00_130.png,True,True,800,600,800,600,True
dataA,07_00_131.png,True,True,800,600,800,600,True
dataA,07_00_140.png,True,True,800,600,800,600,True
dataA,07_00_141.png,True,True,800,600,800,600,True
dataA,07_00_150.png,True,True,800,600,800,600,True
dataA,07_00_151.png,True,True,800,600,800,600,True
dataA,07_00_160.png,True,True,800,600,800,600,True
dataA,07_00_161.png,True,True,800,600,800,600,True
dataA,07_00_170.png,True,True,800,600,800,600,True
dataA,07_00_171.png,True,True,800,600,800,600,True
dataA,07_00_180.png,True,True,800,600,800,600,True
dataA,07_00_181.png,True,True,800,600,800,600,True
dataA,07_00_190.png,True,True,800,600,800,600,True
dataA,07_00_191.png,True,True,800,600,800,600,True
dataA,07_00_200.png,True,True,800,600,800,600,True
dataA,07_00_201.png,True,True,800,600,800,600,True
dataA,07_00_210.png,True,True,800,600,800,600,True
dataA,07_00_211.png,True,True,800,600,800,600,True
dataA,07_00_220.png,True,True,800,600,800,600,True
dataA,07_00_221.png,True,True,800,600,800,600,True
dataA,07_00_230.png,True,True,800,600,800,600,True
dataA,07_00_231.png,True,True,800,600,800,600,True
dataA,07_00_240.png,True,True,800,600,800,600,True
dataA,07_00_241.png,True,True,800,600,800,600,True
dataA,08_00_000.png,True,True,800,600,800,600,True
dataA,08_00_001.png,True,True,800,600,800,600,True
dataA,08_00_010.png,True,True,800,600,800,600,True
dataA,08_00_011.png,True,True,800,600,800,600,True
dataA,08_00_020.png,True,True,800,600,800,600,True
dataA,08_00_021.png,True,True,800,600,800,600,True
dataA,08_00_030.png,True,True,800,600,800,600,True
dataA,08_00_031.png,True,True,800,600,800,600,True
dataA,08_00_040.png,True,True,800,600,800,600,True
dataA,08_00_041.png,True,True,800,600,800,600,True
dataA,08_00_050.png,True,True,800,600,800,600,True
dataA,08_00_051.png,True,True,800,600,800,600,True
dataA,08_00_060.png,True,True,800,600,800,600,True
dataA,08_00_061.png,True,True,800,600,800,600,True
dataA,08_00_070.png,True,True,800,600,800,600,True
dataA,08_00_071.png,True,True,800,600,800,600,True
dataA,08_00_080.png,True,True,800,600,800,600,True
dataA,08_00_081.png,True,True,800,600,800,600,True
dataA,08_00_090.png,True,True,800,600,800,600,True
dataA,08_00_091.png,True,True,800,600,800,600,True
dataA,08_00_100.png,True,True,800,600,800,600,True
dataA,08_00_101.png,True,True,800,600,800,600,True
dataA,08_00_110.png,True,True,800,600,800,600,True
dataA,08_00_111.png,True,True,800,600,800,600,True
dataA,08_00_120.png,True,True,800,600,800,600,True
dataA,08_00_121.png,True,True,800,600,800,600,True
dataA,08_00_130.png,True,True,800,600,800,600,True
dataA,08_00_131.png,True,True,800,600,800,600,True
dataA,08_00_140.png,True,True,800,600,800,600,True
dataA,08_00_141.png,True,True,800,600,800,600,True
dataA,08_00_150.png,True,True,800,600,800,600,True
dataA,08_00_151.png,True,True,800,600,800,600,True
dataA,08_00_160.png,True,True,800,600,800,600,True
dataA,08_00_161.png,True,True,800,600,800,600,True
dataA,08_00_170.png,True,True,800,600,800,600,True
dataA,08_00_171.png,True,True,800,600,800,600,True
dataA,08_00_180.png,True,True,800,600,800,600,True
dataA,08_00_181.png,True,True,800,600,800,600,True
dataA,08_00_190.png,True,True,800,600,800,600,True
dataA,08_00_191.png,True,True,800,600,800,600,True
dataA,08_00_200.png,True,True,800,600,800,600,True
dataA,08_00_201.png,True,True,800,600,800,600,True
dataA,08_00_210.png,True,True,800,600,800,600,True
dataA,08_00_211.png,True,True,800,600,800,600,True
dataA,08_00_220.png,True,True,800,600,800,600,True
dataA,08_00_221.png,True,True,800,600,800,600,True
dataA,08_00_230.png,True,True,800,600,800,600,True
dataA,08_00_231.png,True,True,800,600,800,600,True
dataA,08_00_240.png,True,True,800,600,800,600,True
dataA,08_00_241.png,True,True,800,600,800,600,True
dataA,09_00_000.png,True,True,800,600,800,600,True
dataA,09_00_001.png,True,True,800,600,800,600,True
dataA,09_00_010.png,True,True,800,600,800,600,True
dataA,09_00_011.png,True,True,800,600,800,600,True
dataA,09_00_020.png,True,True,800,600,800,600,True
dataA,09_00_021.png,True,True,800,600,800,600,True
dataA,09_00_030.png,True,True,800,600,800,600,True
dataA,09_00_031.png,True,True,800,600,800,600,True
dataA,09_00_040.png,True,True,800,600,800,600,True
dataA,09_00_041.png,True,True,800,600,800,600,True
dataA,09_00_050.png,True,True,800,600,800,600,True
dataA,09_00_051.png,True,True,800,600,800,600,True
dataA,09_00_060.png,True,True,800,600,800,600,True
dataA,09_00_061.png,True,True,800,600,800,600,True
dataA,09_00_070.png,True,True,800,600,800,600,True
dataA,09_00_071.png,True,True,800,600,800,600,True
dataA,09_00_080.png,True,True,800,600,800,600,True
dataA,09_00_081.png,True,True,800,600,800,600,True
dataA,09_00_090.png,True,True,800,600,800,600,True
dataA,09_00_091.png,True,True,800,600,800,600,True
dataA,09_00_100.png,True,True,800,600,800,600,True
dataA,09_00_101.png,True,True,800,600,800,600,True
dataA,09_00_110.png,True,True,800,600,800,600,True
dataA,09_00_111.png,True,True,800,600,800,600,True
dataA,09_00_120.png,True,True,800,600,800,600,True
dataA,09_00_121.png,True,True,800,600,800,600,True
dataA,09_00_130.png,True,True,800,600,800,600,True
dataA,09_00_131.png,True,True,800,600,800,600,True
dataA,09_00_140.png,True,True,800,600,800,600,True
dataA,09_00_141.png,True,True,800,600,800,600,True
dataA,09_00_150.png,True,True,800,600,800,600,True
dataA,09_00_151.png,True,True,800,600,800,600,True
dataA,09_00_160.png,True,True,800,600,800,600,True
dataA,09_00_161.png,True,True,800,600,800,600,True
dataA,09_00_170.png,True,True,800,600,800,600,True
dataA,09_00_171.png,True,True,800,600,800,600,True
dataA,09_00_180.png,True,True,800,600,800,600,True
dataA,09_00_181.png,True,True,800,600,800,600,True
dataA,09_00_190.png,True,True,800,600,800,600,True
dataA,09_00_191.png,True,True,800,600,800,600,True
dataA,09_00_200.png,True,True,800,600,800,600,True
dataA,09_00_201.png,True,True,800,600,800,600,True
dataA,09_00_210.png,True,True,800,600,800,600,True
dataA,09_00_211.png,True,True,800,600,800,600,True
dataA,09_00_220.png,True,True,800,600,800,600,True
dataA,09_00_221.png,True,True,800,600,800,600,True
dataA,09_00_230.png,True,True,800,600,800,600,True
dataA,09_00_231.png,True,True,800,600,800,600,True
dataA,09_00_240.png,True,True,800,600,800,600,True
dataA,09_00_241.png,True,True,800,600,800,600,True
dataA,10_00_000.png,True,True,800,600,800,600,True
dataA,10_00_001.png,True,True,800,600,800,600,True
dataA,10_00_010.png,True,True,800,600,800,600,True
dataA,10_00_011.png,True,True,800,600,800,600,True
dataA,10_00_020.png,True,True,800,600,800,600,True
dataA,10_00_021.png,True,True,800,600,800,600,True
dataA,10_00_030.png,True,True,800,600,800,600,True
dataA,10_00_031.png,True,True,800,600,800,600,True
dataA,10_00_040.png,True,True,800,600,800,600,True
dataA,10_00_041.png,True,True,800,600,800,600,True
dataA,10_00_050.png,True,True,800,600,800,600,True
dataA,10_00_051.png,True,True,800,600,800,600,True
dataA,10_00_060.png,True,True,800,600,800,600,True
dataA,10_00_061.png,True,True,800,600,800,600,True
dataA,10_00_070.png,True,True,800,600,800,600,True
dataA,10_00_071.png,True,True,800,600,800,600,True
dataA,10_00_080.png,True,True,800,600,800,600,True
dataA,10_00_081.png,True,True,800,600,800,600,True
dataA,10_00_090.png,True,True,800,600,800,600,True
dataA,10_00_091.png,True,True,800,600,800,600,True
dataA,10_00_100.png,True,True,800,600,800,600,True
dataA,10_00_101.png,True,True,800,600,800,600,True
dataA,10_00_110.png,True,True,800,600,800,600,True
dataA,10_00_111.png,True,True,800,600,800,600,True
dataA,10_00_120.png,True,True,800,600,800,600,True
dataA,10_00_121.png,True,True,800,600,800,600,True
dataA,10_00_130.png,True,True,800,600,800,600,True
dataA,10_00_131.png,True,True,800,600,800,600,True
dataA,10_00_140.png,True,True,800,600,800,600,True
dataA,10_00_141.png,True,True,800,600,800,600,True
dataA,10_00_150.png,True,True,800,600,800,600,True
dataA,10_00_151.png,True,True,800,600,800,600,True
dataA,10_00_160.png,True,True,800,600,800,600,True
dataA,10_00_161.png,True,True,800,600,800,600,True
dataA,10_00_170.png,True,True,800,600,800,600,True
dataA,10_00_171.png,True,True,800,600,800,600,True
dataA,10_00_180.png,True,True,800,600,800,600,True
dataA,10_00_181.png,True,True,800,600,800,600,True
dataA,10_00_190.png,True,True,800,600,800,600,True
dataA,10_00_191.png,True,True,800,600,800,600,True
dataA,10_00_200.png,True,True,800,600,800,600,True
dataA,10_00_201.png,True,True,800,600,800,600,True
dataA,10_00_210.png,True,True,800,600,800,600,True
dataA,10_00_211.png,True,True,800,600,800,600,True
dataA,10_00_220.png,True,True,800,600,800,600,True
dataA,10_00_221.png,True,True,800,600,800,600,True
dataA,10_00_230.png,True,True,800,600,800,600,True
dataA,10_00_231.png,True,True,800,600,800,600,True
dataA,10_00_240.png,True,True,800,600,800,600,True
dataA,10_00_241.png,True,True,800,600,800,600,True
dataA,F1-1.png,True,True,800,600,800,600,True
dataA,F1-10.png,True,True,800,600,800,600,True
dataA,F1-100.png,True,True,800,600,800,600,True
dataA,F1-11.png,True,True,800,600,800,600,True
dataA,F1-20.png,True,True,800,600,800,600,True
dataA,F1-21.png,True,True,800,600,800,600,True
dataA,F1-30.png,True,True,800,600,800,600,True
dataA,F1-31.png,True,True,800,600,800,600,True
dataA,F1-40.png,True,True,800,600,800,600,True
dataA,F1-41.png,True,True,800,600,800,600,True
dataA,F1-50.png,True,True,800,600,800,600,True
dataA,F1-51.png,True,True,800,600,800,600,True
dataA,F1-60.png,True,True,800,600,800,600,True
dataA,F1-61.png,True,True,800,600,800,600,True
dataA,F1-70.png,True,True,800,600,800,600,True
dataA,F1-71.png,True,True,800,600,800,600,True
dataA,F1-80.png,True,True,800,600,800,600,True
dataA,F1-81.png,True,True,800,600,800,600,True
dataA,F1-90.png,True,True,800,600,800,600,True
dataA,F1-91.png,True,True,800,600,800,600,True
dataA,F10-1.png,True,True,800,600,800,600,True
dataA,F10-10.png,True,True,800,600,800,600,True
dataA,F10-100.png,True,True,800,600,800,600,True
dataA,F10-11.png,True,True,800,600,800,600,True
dataA,F10-20.png,True,True,800,600,800,600,True
dataA,F10-21.png,True,True,800,600,800,600,True
dataA,F10-30.png,True,True,800,600,800,600,True
dataA,F10-31.png,True,True,800,600,800,600,True
dataA,F10-40.png,True,True,800,600,800,600,True
dataA,F10-41.png,True,True,800,600,800,600,True
dataA,F10-50.png,True,True,800,600,800,600,True
dataA,F10-51.png,True,True,800,600,800,600,True
dataA,F10-60.png,True,True,800,600,800,600,True
dataA,F10-61.png,True,True,800,600,800,600,True
dataA,F10-70.png,True,True,800,600,800,600,True
dataA,F10-71.png,True,True,800,600,800,600,True
dataA,F10-80.png,True,True,800,600,800,600,True
dataA,F10-81.png,True,True,800,600,800,600,True
dataA,F10-90.png,True,True,800,600,800,600,True
dataA,F10-91.png,True,True,800,600,800,600,True
dataA,F2-1.png,True,True,800,600,800,600,True
dataA,F2-10.png,True,True,800,600,800,600,True
dataA,F2-100.png,True,True,800,600,800,600,True
dataA,F2-11.png,True,True,800,600,800,600,True
dataA,F2-20.png,True,True,800,600,800,600,True
dataA,F2-21.png,True,True,800,600,800,600,True
dataA,F2-30.png,True,True,800,600,800,600,True
dataA,F2-31.png,True,True,800,600,800,600,True
dataA,F2-40.png,True,True,800,600,800,600,True
dataA,F2-41.png,True,True,800,600,800,600,True
dataA,F2-50.png,True,True,800,600,800,600,True
dataA,F2-51.png,True,True,800,600,800,600,True
dataA,F2-60.png,True,True,800,600,800,600,True
dataA,F2-61.png,True,True,800,600,800,600,True
dataA,F2-70.png,True,True,800,600,800,600,True
dataA,F2-71.png,True,True,800,600,800,600,True
dataA,F2-80.png,True,True,800,600,800,600,True
dataA,F2-81.png,True,True,800,600,800,600,True
dataA,F2-90.png,True,True,800,600,800,600,True
dataA,F2-91.png,True,True,800,600,800,600,True
dataA,F3-1.png,True,True,800,600,800,600,True
dataA,F3-10.png,True,True,800,600,800,600,True
dataA,F3-100.png,True,True,800,600,800,600,True
dataA,F3-11.png,True,True,800,600,800,600,True
dataA,F3-20.png,True,True,800,600,800,600,True
dataA,F3-21.png,True,True,800,600,800,600,True
dataA,F3-30.png,True,True,800,600,800,600,True
dataA,F3-31.png,True,True,800,600,800,600,True
dataA,F3-40.png,True,True,800,600,800,600,True
dataA,F3-41.png,True,True,800,600,800,600,True
dataA,F3-50.png,True,True,800,600,800,600,True
dataA,F3-51.png,True,True,800,600,800,600,True
dataA,F3-60.png,True,True,800,600,800,600,True
dataA,F3-61.png,True,True,800,600,800,600,True
dataA,F3-70.png,True,True,800,600,800,600,True
dataA,F3-71.png,True,True,800,600,800,600,True
dataA,F3-80.png,True,True,800,600,800,600,True
dataA,F3-81.png,True,True,800,600,800,600,True
dataA,F3-90.png,True,True,800,600,800,600,True
dataA,F3-91.png,True,True,800,600,800,600,True
dataA,F4-1.png,True,True,800,600,800,600,True
dataA,F4-10.png,True,True,800,600,800,600,True
dataA,F4-100.png,True,True,800,600,800,600,True
dataA,F4-11.png,True,True,800,600,800,600,True
dataA,F4-20.png,True,True,800,600,800,600,True
dataA,F4-21.png,True,True,800,600,800,600,True
dataA,F4-30.png,True,True,800,600,800,600,True
dataA,F4-31.png,True,True,800,600,800,600,True
dataA,F4-40.png,True,True,800,600,800,600,True
dataA,F4-41.png,True,True,800,600,800,600,True
dataA,F4-50.png,True,True,800,600,800,600,True
dataA,F4-51.png,True,True,800,600,800,600,True
dataA,F4-60.png,True,True,800,600,800,600,True
dataA,F4-61.png,True,True,800,600,800,600,True
dataA,F4-70.png,True,True,800,600,800,600,True
dataA,F4-71.png,True,True,800,600,800,600,True
dataA,F4-80.png,True,True,800,600,800,600,True
dataA,F4-81.png,True,True,800,600,800,600,True
dataA,F4-90.png,True,True,800,600,800,600,True
dataA,F4-91.png,True,True,800,600,800,600,True
dataA,F5-1.png,True,True,800,600,800,600,True
dataA,F5-10.png,True,True,800,600,800,600,True
dataA,F5-100.png,True,True,800,600,800,600,True
dataA,F5-11.png,True,True,800,600,800,600,True
dataA,F5-20.png,True,True,800,600,800,600,True
dataA,F5-21.png,True,True,800,600,800,600,True
dataA,F5-30.png,True,True,800,600,800,600,True
dataA,F5-31.png,True,True,800,600,800,600,True
dataA,F5-40.png,True,True,800,600,800,600,True
dataA,F5-41.png,True,True,800,600,800,600,True
dataA,F5-50.png,True,True,800,600,800,600,True
dataA,F5-51.png,True,True,800,600,800,600,True
dataA,F5-60.png,True,True,800,600,800,600,True
dataA,F5-61.png,True,True,800,600,800,600,True
dataA,F5-70.png,True,True,800,600,800,600,True
dataA,F5-71.png,True,True,800,600,800,600,True
dataA,F5-80.png,True,True,800,600,800,600,True
dataA,F5-81.png,True,True,800,600,800,600,True
dataA,F5-90.png,True,True,800,600,800,600,True
dataA,F5-91.png,True,True,800,600,800,600,True
dataA,F6-1.png,True,True,800,600,800,600,True
dataA,F6-10.png,True,True,800,600,800,600,True
dataA,F6-100.png,True,True,800,600,800,600,True
dataA,F6-11.png,True,True,800,600,800,600,True
dataA,F6-20.png,True,True,800,600,800,600,True
dataA,F6-21.png,True,True,800,600,800,600,True
dataA,F6-30.png,True,True,800,600,800,600,True
dataA,F6-31.png,True,True,800,600,800,600,True
dataA,F6-40.png,True,True,800,600,800,600,True
dataA,F6-41.png,True,True,800,600,800,600,True
dataA,F6-50.png,True,True,800,600,800,600,True
dataA,F6-51.png,True,True,800,600,800,600,True
dataA,F6-60.png,True,True,800,600,800,600,True
dataA,F6-61.png,True,True,800,600,800,600,True
dataA,F6-70.png,True,True,800,600,800,600,True
dataA,F6-71.png,True,True,800,600,800,600,True
dataA,F6-80.png,True,True,800,600,800,600,True
dataA,F6-81.png,True,True,800,600,800,600,True
dataA,F6-90.png,True,True,800,600,800,600,True
dataA,F6-91.png,True,True,800,600,800,600,True
dataA,F61-1.png,True,True,800,600,800,600,True
dataA,F61-10.png,True,True,800,600,800,600,True
dataA,F61-100.png,True,True,800,600,800,600,True
dataA,F61-11.png,True,True,800,600,800,600,True
dataA,F61-20.png,True,True,800,600,800,600,True
dataA,F61-21.png,True,True,800,600,800,600,True
dataA,F61-30.png,True,True,800,600,800,600,True
dataA,F61-31.png,True,True,800,600,800,600,True
dataA,F61-40.png,True,True,800,600,800,600,True
dataA,F61-41.png,True,True,800,600,800,600,True
dataA,F61-50.png,True,True,800,600,800,600,True
dataA,F61-51.png,True,True,800,600,800,600,True
dataA,F61-60.png,True,True,800,600,800,600,True
dataA,F61-61.png,True,True,800,600,800,600,True
dataA,F61-70.png,True,True,800,600,800,600,True
dataA,F61-71.png,True,True,800,600,800,600,True
dataA,F61-80.png,True,True,800,600,800,600,True
dataA,F61-81.png,True,True,800,600,800,600,True
dataA,F61-90.png,True,True,800,600,800,600,True
dataA,F61-91.png,True,True,800,600,800,600,True
dataA,F62-1.png,True,True,800,600,800,600,True
dataA,F62-10.png,True,True,800,600,800,600,True
dataA,F62-100.png,True,True,800,600,800,600,True
dataA,F62-11.png,True,True,800,600,800,600,True
dataA,F62-20.png,True,True,800,600,800,600,True
dataA,F62-21.png,True,True,800,600,800,600,True
dataA,F62-30.png,True,True,800,600,800,600,True
dataA,F62-31.png,True,True,800,600,800,600,True
dataA,F62-40.png,True,True,800,600,800,600,True
dataA,F62-41.png,True,True,800,600,800,600,True
dataA,F62-50.png,True,True,800,600,800,600,True
dataA,F62-51.png,True,True,800,600,800,600,True
dataA,F62-60.png,True,True,800,600,800,600,True
dataA,F62-61.png,True,True,800,600,800,600,True
dataA,F62-70.png,True,True,800,600,800,600,True
dataA,F62-71.png,True,True,800,600,800,600,True
dataA,F62-80.png,True,True,800,600,800,600,True
dataA,F62-81.png,True,True,800,600,800,600,True
dataA,F62-90.png,True,True,800,600,800,600,True
dataA,F62-91.png,True,True,800,600,800,600,True
dataA,F63-1.png,True,True,800,600,800,600,True
dataA,F63-10.png,True,True,800,600,800,600,True
dataA,F63-100.png,True,True,800,600,800,600,True
dataA,F63-11.png,True,True,800,600,800,600,True
dataA,F63-20.png,True,True,800,600,800,600,True
dataA,F63-21.png,True,True,800,600,800,600,True
dataA,F63-30.png,True,True,800,600,800,600,True
dataA,F63-31.png,True,True,800,600,800,600,True
dataA,F63-40.png,True,True,800,600,800,600,True
dataA,F63-41.png,True,True,800,600,800,600,True
dataA,F63-50.png,True,True,800,600,800,600,True
dataA,F63-51.png,True,True,800,600,800,600,True
dataA,F63-60.png,True,True,800,600,800,600,True
dataA,F63-61.png,True,True,800,600,800,600,True
dataA,F63-70.png,True,True,800,600,800,600,True
dataA,F63-71.png,True,True,800,600,800,600,True
dataA,F63-80.png,True,True,800,600,800,600,True
dataA,F63-81.png,True,True,800,600,800,600,True
dataA,F63-90.png,True,True,800,600,800,600,True
dataA,F63-91.png,True,True,800,600,800,600,True
dataA,F64-1.png,True,True,800,600,800,600,True
dataA,F64-10.png,True,True,800,600,800,600,True
dataA,F64-100.png,True,True,800,600,800,600,True
dataA,F64-11.png,True,True,800,600,800,600,True
dataA,F64-20.png,True,True,800,600,800,600,True
dataA,F64-21.png,True,True,800,600,800,600,True
dataA,F64-30.png,True,True,800,600,800,600,True
dataA,F64-31.png,True,True,800,600,800,600,True
dataA,F64-40.png,True,True,800,600,800,600,True
dataA,F64-41.png,True,True,800,600,800,600,True
dataA,F64-50.png,True,True,800,600,800,600,True
dataA,F64-51.png,True,True,800,600,800,600,True
dataA,F64-60.png,True,True,800,600,800,600,True
dataA,F64-61.png,True,True,800,600,800,600,True
dataA,F64-70.png,True,True,800,600,800,600,True
dataA,F64-71.png,True,True,800,600,800,600,True
dataA,F64-80.png,True,True,800,600,800,600,True
dataA,F64-81.png,True,True,800,600,800,600,True
dataA,F64-90.png,True,True,800,600,800,600,True
dataA,F64-91.png,True,True,800,600,800,600,True
dataA,F65-1.png,True,True,800,600,800,600,True
dataA,F65-10.png,True,True,800,600,800,600,True
dataA,F65-100.png,True,True,800,600,800,600,True
dataA,F65-11.png,True,True,800,600,800,600,True
dataA,F65-20.png,True,True,800,600,800,600,True
dataA,F65-21.png,True,True,800,600,800,600,True
dataA,F65-30.png,True,True,800,600,800,600,True
dataA,F65-31.png,True,True,800,600,800,600,True
dataA,F65-40.png,True,True,800,600,800,600,True
dataA,F65-41.png,True,True,800,600,800,600,True
dataA,F65-50.png,True,True,800,600,800,600,True
dataA,F65-51.png,True,True,800,600,800,600,True
dataA,F65-60.png,True,True,800,600,800,600,True
dataA,F65-61.png,True,True,800,600,800,600,True
dataA,F65-70.png,True,True,800,600,800,600,True
dataA,F65-71.png,True,True,800,600,800,600,True
dataA,F65-80.png,True,True,800,600,800,600,True
dataA,F65-81.png,True,True,800,600,800,600,True
dataA,F65-90.png,True,True,800,600,800,600,True
dataA,F65-91.png,True,True,800,600,800,600,True
dataA,F66-1.png,True,True,800,600,800,600,True
dataA,F66-10.png,True,True,800,600,800,600,True
dataA,F66-100.png,True,True,800,600,800,600,True
dataA,F66-11.png,True,True,800,600,800,600,True
dataA,F66-20.png,True,True,800,600,800,600,True
dataA,F66-21.png,True,True,800,600,800,600,True
dataA,F66-30.png,True,True,800,600,800,600,True
dataA,F66-31.png,True,True,800,600,800,600,True
dataA,F66-40.png,True,True,800,600,800,600,True
dataA,F66-41.png,True,True,800,600,800,600,True
dataA,F66-50.png,True,True,800,600,800,600,True
dataA,F66-51.png,True,True,800,600,800,600,True
dataA,F66-60.png,True,True,800,600,800,600,True
dataA,F66-61.png,True,True,800,600,800,600,True
dataA,F66-70.png,True,True,800,600,800,600,True
dataA,F66-71.png,True,True,800,600,800,600,True
dataA,F66-80.png,True,True,800,600,800,600,True
dataA,F66-81.png,True,True,800,600,800,600,True
dataA,F66-90.png,True,True,800,600,800,600,True
dataA,F66-91.png,True,True,800,600,800,600,True
dataA,F67-1.png,True,True,800,600,800,600,True
dataA,F67-10.png,True,True,800,600,800,600,True
dataA,F67-100.png,True,True,800,600,800,600,True
dataA,F67-11.png,True,True,800,600,800,600,True
dataA,F67-20.png,True,True,800,600,800,600,True
dataA,F67-21.png,True,True,800,600,800,600,True
dataA,F67-30.png,True,True,800,600,800,600,True
dataA,F67-31.png,True,True,800,600,800,600,True
dataA,F67-40.png,True,True,800,600,800,600,True
dataA,F67-41.png,True,True,800,600,800,600,True
dataA,F67-50.png,True,True,800,600,800,600,True
dataA,F67-51.png,True,True,800,600,800,600,True
dataA,F67-60.png,True,True,800,600,800,600,True
dataA,F67-61.png,True,True,800,600,800,600,True
dataA,F67-70.png,True,True,800,600,800,600,True
dataA,F67-71.png,True,True,800,600,800,600,True
dataA,F67-80.png,True,True,800,600,800,600,True
dataA,F67-81.png,True,True,800,600,800,600,True
dataA,F67-90.png,True,True,800,600,800,600,True
dataA,F67-91.png,True,True,800,600,800,600,True
dataA,F68-1.png,True,True,800,600,800,600,True
dataA,F68-10.png,True,True,800,600,800,600,True
dataA,F68-100.png,True,True,800,600,800,600,True
dataA,F68-11.png,True,True,800,600,800,600,True
dataA,F68-20.png,True,True,800,600,800,600,True
dataA,F68-21.png,True,True,800,600,800,600,True
dataA,F68-30.png,True,True,800,600,800,600,True
dataA,F68-31.png,True,True,800,600,800,600,True
dataA,F68-40.png,True,True,800,600,800,600,True
dataA,F68-41.png,True,True,800,600,800,600,True
dataA,F68-50.png,True,True,800,600,800,600,True
dataA,F68-51.png,True,True,800,600,800,600,True
dataA,F68-60.png,True,True,800,600,800,600,True
dataA,F68-61.png,True,True,800,600,800,600,True
dataA,F68-70.png,True,True,800,600,800,600,True
dataA,F68-71.png,True,True,800,600,800,600,True
dataA,F68-80.png,True,True,800,600,800,600,True
dataA,F68-81.png,True,True,800,600,800,600,True
dataA,F68-90.png,True,True,800,600,800,600,True
dataA,F68-91.png,True,True,800,600,800,600,True
dataA,F69-1.png,True,True,800,600,800,600,True
dataA,F69-10.png,True,True,800,600,800,600,True
dataA,F69-100.png,True,True,800,600,800,600,True
dataA,F69-11.png,True,True,800,600,800,600,True
dataA,F69-20.png,True,True,800,600,800,600,True
dataA,F69-21.png,True,True,800,600,800,600,True
dataA,F69-30.png,True,True,800,600,800,600,True
dataA,F69-31.png,True,True,800,600,800,600,True
dataA,F69-40.png,True,True,800,600,800,600,True
dataA,F69-41.png,True,True,800,600,800,600,True
dataA,F69-50.png,True,True,800,600,800,600,True
dataA,F69-51.png,True,True,800,600,800,600,True
dataA,F69-60.png,True,True,800,600,800,600,True
dataA,F69-61.png,True,True,800,600,800,600,True
dataA,F69-70.png,True,True,800,600,800,600,True
dataA,F69-71.png,True,True,800,600,800,600,True
dataA,F69-80.png,True,True,800,600,800,600,True
dataA,F69-81.png,True,True,800,600,800,600,True
dataA,F69-90.png,True,True,800,600,800,600,True
dataA,F69-91.png,True,True,800,600,800,600,True
dataA,F7-1.png,True,True,800,600,800,600,True
dataA,F7-10.png,True,True,800,600,800,600,True
dataA,F7-100.png,True,True,800,600,800,600,True
dataA,F7-11.png,True,True,800,600,800,600,True
dataA,F7-20.png,True,True,800,600,800,600,True
dataA,F7-21.png,True,True,800,600,800,600,True
dataA,F7-30.png,True,True,800,600,800,600,True
dataA,F7-31.png,True,True,800,600,800,600,True
dataA,F7-40.png,True,True,800,600,800,600,True
dataA,F7-41.png,True,True,800,600,800,600,True
dataA,F7-50.png,True,True,800,600,800,600,True
dataA,F7-51.png,True,True,800,600,800,600,True
dataA,F7-60.png,True,True,800,600,800,600,True
dataA,F7-61.png,True,True,800,600,800,600,True
dataA,F7-70.png,True,True,800,600,800,600,True
dataA,F7-71.png,True,True,800,600,800,600,True
dataA,F7-80.png,True,True,800,600,800,600,True
dataA,F7-81.png,True,True,800,600,800,600,True
dataA,F7-90.png,True,True,800,600,800,600,True
dataA,F7-91.png,True,True,800,600,800,600,True
dataA,F70-1.png,True,True,800,600,800,600,True
dataA,F70-10.png,True,True,800,600,800,600,True
dataA,F70-100.png,True,True,800,600,800,600,True
dataA,F70-11.png,True,True,800,600,800,600,True
dataA,F70-20.png,True,True,800,600,800,600,True
dataA,F70-21.png,True,True,800,600,800,600,True
dataA,F70-30.png,True,True,800,600,800,600,True
dataA,F70-31.png,True,True,800,600,800,600,True
dataA,F70-40.png,True,True,800,600,800,600,True
dataA,F70-41.png,True,True,800,600,800,600,True
dataA,F70-50.png,True,True,800,600,800,600,True
dataA,F70-51.png,True,True,800,600,800,600,True
dataA,F70-60.png,True,True,800,600,800,600,True
dataA,F70-61.png,True,True,800,600,800,600,True
dataA,F70-70.png,True,True,800,600,800,600,True
dataA,F70-71.png,True,True,800,600,800,600,True
dataA,F70-80.png,True,True,800,600,800,600,True
dataA,F70-81.png,True,True,800,600,800,600,True
dataA,F70-90.png,True,True,800,600,800,600,True
dataA,F70-91.png,True,True,800,600,800,600,True
dataA,F8-1.png,True,True,800,600,800,600,True
dataA,F8-10.png,True,True,800,600,800,600,True
dataA,F8-100.png,True,True,800,600,800,600,True
dataA,F8-11.png,True,True,800,600,800,600,True
dataA,F8-20.png,True,True,800,600,800,600,True
dataA,F8-21.png,True,True,800,600,800,600,True
dataA,F8-30.png,True,True,800,600,800,600,True
dataA,F8-31.png,True,True,800,600,800,600,True
dataA,F8-40.png,True,True,800,600,800,600,True
dataA,F8-41.png,True,True,800,600,800,600,True
dataA,F8-50.png,True,True,800,600,800,600,True
dataA,F8-51.png,True,True,800,600,800,600,True
dataA,F8-60.png,True,True,800,600,800,600,True
dataA,F8-61.png,True,True,800,600,800,600,True
dataA,F8-70.png,True,True,800,600,800,600,True
dataA,F8-71.png,True,True,800,600,800,600,True
dataA,F8-80.png,True,True,800,600,800,600,True
dataA,F8-81.png,True,True,800,600,800,600,True
dataA,F8-90.png,True,True,800,600,800,600,True
dataA,F8-91.png,True,True,800,600,800,600,True
dataA,F9-1.png,True,True,800,600,800,600,True
dataA,F9-10.png,True,True,800,600,800,600,True
dataA,F9-100.png,True,True,800,600,800,600,True
dataA,F9-11.png,True,True,800,600,800,600,True
dataA,F9-20.png,True,True,800,600,800,600,True
dataA,F9-21.png,True,True,800,600,800,600,True
dataA,F9-30.png,True,True,800,600,800,600,True
dataA,F9-31.png,True,True,800,600,800,600,True
dataA,F9-40.png,True,True,800,600,800,600,True
dataA,F9-41.png,True,True,800,600,800,600,True
dataA,F9-50.png,True,True,800,600,800,600,True
dataA,F9-51.png,True,True,800,600,800,600,True
dataA,F9-60.png,True,True,800,600,800,600,True
dataA,F9-61.png,True,True,800,600,800,600,True
dataA,F9-70.png,True,True,800,600,800,600,True
dataA,F9-71.png,True,True,800,600,800,600,True
dataA,F9-80.png,True,True,800,600,800,600,True
dataA,F9-81.png,True,True,800,600,800,600,True
dataA,F9-90.png,True,True,800,600,800,600,True
dataA,F9-91.png,True,True,800,600,800,600,True
dataB,02_00_002.png,True,True,800,600,800,600,True
dataB,02_00_003.png,True,True,800,600,800,600,True
dataB,02_00_012.png,True,True,800,600,800,600,True
dataB,02_00_013.png,True,True,800,600,800,600,True
dataB,02_00_022.png,True,True,800,600,800,600,True
dataB,02_00_023.png,True,True,800,600,800,600,True
dataB,02_00_032.png,True,True,800,600,800,600,True
dataB,02_00_033.png,True,True,800,600,800,600,True
dataB,02_00_042.png,True,True,800,600,800,600,True
dataB,02_00_043.png,True,True,800,600,800,600,True
dataB,02_00_052.png,True,True,800,600,800,600,True
dataB,02_00_053.png,True,True,800,600,800,600,True
dataB,02_00_062.png,True,True,800,600,800,600,True
dataB,02_00_063.png,True,True,800,600,800,600,True
dataB,02_00_072.png,True,True,800,600,800,600,True
dataB,02_00_073.png,True,True,800,600,800,600,True
dataB,02_00_082.png,True,True,800,600,800,600,True
dataB,02_00_083.png,True,True,800,600,800,600,True
dataB,02_00_092.png,True,True,800,600,800,600,True
dataB,02_00_093.png,True,True,800,600,800,600,True
dataB,02_00_102.png,True,True,800,600,800,600,True
dataB,02_00_103.png,True,True,800,600,800,600,True
dataB,02_00_112.png,True,True,800,600,800,600,True
dataB,02_00_113.png,True,True,800,600,800,600,True
dataB,02_00_122.png,True,True,800,600,800,600,True
dataB,02_00_123.png,True,True,800,600,800,600,True
dataB,02_00_132.png,True,True,800,600,800,600,True
dataB,02_00_133.png,True,True,800,600,800,600,True
dataB,02_00_142.png,True,True,800,600,800,600,True
dataB,02_00_143.png,True,True,800,600,800,600,True
dataB,02_00_152.png,True,True,800,600,800,600,True
dataB,02_00_153.png,True,True,800,600,800,600,True
dataB,02_00_162.png,True,True,800,600,800,600,True
dataB,02_00_163.png,True,True,800,600,800,600,True
dataB,02_00_172.png,True,True,800,600,800,600,True
dataB,02_00_173.png,True,True,800,600,800,600,True
dataB,02_00_182.png,True,True,800,600,800,600,True
dataB,02_00_183.png,True,True,800,600,800,600,True
dataB,02_00_192.png,True,True,800,600,800,600,True
dataB,02_00_193.png,True,True,800,600,800,600,True
dataB,02_00_202.png,True,True,800,600,800,600,True
dataB,02_00_203.png,True,True,800,600,800,600,True
dataB,02_00_212.png,True,True,800,600,800,600,True
dataB,02_00_213.png,True,True,800,600,800,600,True
dataB,02_00_222.png,True,True,800,600,800,600,True
dataB,02_00_223.png,True,True,800,600,800,600,True
dataB,02_00_232.png,True,True,800,600,800,600,True
dataB,02_00_233.png,True,True,800,600,800,600,True
dataB,02_00_242.png,True,True,800,600,800,600,True
dataB,02_00_243.png,True,True,800,600,800,600,True
dataB,02_01_002.png,True,True,800,600,800,600,True
dataB,02_01_003.png,True,True,800,600,800,600,True
dataB,02_01_012.png,True,True,800,600,800,600,True
dataB,02_01_013.png,True,True,800,600,800,600,True
dataB,02_01_022.png,True,True,800,600,800,600,True
dataB,02_01_023.png,True,True,800,600,800,600,True
dataB,02_01_032.png,True,True,800,600,800,600,True
dataB,02_01_033.png,True,True,800,600,800,600,True
dataB,02_01_042.png,True,True,800,600,800,600,True
dataB,02_01_043.png,True,True,800,600,800,600,True
dataB,02_01_052.png,True,True,800,600,800,600,True
dataB,02_01_053.png,True,True,800,600,800,600,True
dataB,02_01_062.png,True,True,800,600,800,600,True
dataB,02_01_063.png,True,True,800,600,800,600,True
dataB,02_01_072.png,True,True,800,600,800,600,True
dataB,02_01_073.png,True,True,800,600,800,600,True
dataB,02_01_082.png,True,True,800,600,800,600,True
dataB,02_01_083.png,True,True,800,600,800,600,True
dataB,02_01_092.png,True,True,800,600,800,600,True
dataB,02_01_093.png,True,True,800,600,800,600,True
dataB,02_01_102.png,True,True,800,600,800,600,True
dataB,02_01_103.png,True,True,800,600,800,600,True
dataB,02_01_112.png,True,True,800,600,800,600,True
dataB,02_01_113.png,True,True,800,600,800,600,True
dataB,02_01_122.png,True,True,800,600,800,600,True
dataB,02_01_123.png,True,True,800,600,800,600,True
dataB,02_01_132.png,True,True,800,600,800,600,True
dataB,02_01_133.png,True,True,800,600,800,600,True
dataB,02_01_142.png,True,True,800,600,800,600,True
dataB,02_01_143.png,True,True,800,600,800,600,True
dataB,02_01_152.png,True,True,800,600,800,600,True
dataB,02_01_153.png,True,True,800,600,800,600,True
dataB,02_01_162.png,True,True,800,600,800,600,True
dataB,02_01_163.png,True,True,800,600,800,600,True
dataB,02_01_172.png,True,True,800,600,800,600,True
dataB,02_01_173.png,True,True,800,600,800,600,True
dataB,02_01_182.png,True,True,800,600,800,600,True
dataB,02_01_183.png,True,True,800,600,800,600,True
dataB,02_01_192.png,True,True,800,600,800,600,True
dataB,02_01_193.png,True,True,800,600,800,600,True
dataB,02_01_202.png,True,True,800,600,800,600,True
dataB,02_01_203.png,True,True,800,600,800,600,True
dataB,02_01_212.png,True,True,800,600,800,600,True
dataB,02_01_213.png,True,True,800,600,800,600,True
dataB,02_01_222.png,True,True,800,600,800,600,True
dataB,02_01_223.png,True,True,800,600,800,600,True
dataB,02_01_232.png,True,True,800,600,800,600,True
dataB,02_01_233.png,True,True,800,600,800,600,True
dataB,02_01_242.png,True,True,800,600,800,600,True
dataB,02_01_243.png,True,True,800,600,800,600,True
dataB,02_02_002.png,True,True,800,600,800,600,True
dataB,02_02_003.png,True,True,800,600,800,600,True
dataB,02_02_012.png,True,True,800,600,800,600,True
dataB,02_02_013.png,True,True,800,600,800,600,True
dataB,02_02_022.png,True,True,800,600,800,600,True
dataB,02_02_023.png,True,True,800,600,800,600,True
dataB,02_02_032.png,True,True,800,600,800,600,True
dataB,02_02_033.png,True,True,800,600,800,600,True
dataB,02_02_042.png,True,True,800,600,800,600,True
dataB,02_02_043.png,True,True,800,600,800,600,True
dataB,02_02_052.png,True,True,800,600,800,600,True
dataB,02_02_053.png,True,True,800,600,800,600,True
dataB,02_02_062.png,True,True,800,600,800,600,True
dataB,02_02_063.png,True,True,800,600,800,600,True
dataB,02_02_072.png,True,True,800,600,800,600,True
dataB,02_02_073.png,True,True,800,600,800,600,True
dataB,02_02_082.png,True,True,800,600,800,600,True
dataB,02_02_083.png,True,True,800,600,800,600,True
dataB,02_02_092.png,True,True,800,600,800,600,True
dataB,02_02_093.png,True,True,800,600,800,600,True
dataB,02_02_102.png,True,True,800,600,800,600,True
dataB,02_02_103.png,True,True,800,600,800,600,True
dataB,02_02_112.png,True,True,800,600,800,600,True
dataB,02_02_113.png,True,True,800,600,800,600,True
dataB,02_02_122.png,True,True,800,600,800,600,True
dataB,02_02_123.png,True,True,800,600,800,600,True
dataB,02_02_132.png,True,True,800,600,800,600,True
dataB,02_02_133.png,True,True,800,600,800,600,True
dataB,02_02_142.png,True,True,800,600,800,600,True
dataB,02_02_143.png,True,True,800,600,800,600,True
dataB,02_02_152.png,True,True,800,600,800,600,True
dataB,02_02_153.png,True,True,800,600,800,600,True
dataB,02_02_162.png,True,True,800,600,800,600,True
dataB,02_02_163.png,True,True,800,600,800,600,True
dataB,02_02_172.png,True,True,800,600,800,600,True
dataB,02_02_173.png,True,True,800,600,800,600,True
dataB,02_02_182.png,True,True,800,600,800,600,True
dataB,02_02_183.png,True,True,800,600,800,600,True
dataB,02_02_192.png,True,True,800,600,800,600,True
dataB,02_02_193.png,True,True,800,600,800,600,True
dataB,02_02_202.png,True,True,800,600,800,600,True
dataB,02_02_203.png,True,True,800,600,800,600,True
dataB,02_02_212.png,True,True,800,600,800,600,True
dataB,02_02_213.png,True,True,800,600,800,600,True
dataB,02_02_222.png,True,True,800,600,800,600,True
dataB,02_02_223.png,True,True,800,600,800,600,True
dataB,02_02_232.png,True,True,800,600,800,600,True
dataB,02_02_233.png,True,True,800,600,800,600,True
dataB,02_02_242.png,True,True,800,600,800,600,True
dataB,02_02_243.png,True,True,800,600,800,600,True
dataB,03_00_002.png,True,True,800,600,800,600,True
dataB,03_00_003.png,True,True,800,600,800,600,True
dataB,03_00_012.png,True,True,800,600,800,600,True
dataB,03_00_013.png,True,True,800,600,800,600,True
dataB,03_00_022.png,True,True,800,600,800,600,True
dataB,03_00_023.png,True,True,800,600,800,600,True
dataB,03_00_032.png,True,True,800,600,800,600,True
dataB,03_00_033.png,True,True,800,600,800,600,True
dataB,03_00_042.png,True,True,800,600,800,600,True
dataB,03_00_043.png,True,True,800,600,800,600,True
dataB,03_00_052.png,True,True,800,600,800,600,True
dataB,03_00_053.png,True,True,800,600,800,600,True
dataB,03_00_062.png,True,True,800,600,800,600,True
dataB,03_00_063.png,True,True,800,600,800,600,True
dataB,03_00_072.png,True,True,800,600,800,600,True
dataB,03_00_073.png,True,True,800,600,800,600,True
dataB,03_00_082.png,True,True,800,600,800,600,True
dataB,03_00_083.png,True,True,800,600,800,600,True
dataB,03_00_092.png,True,True,800,600,800,600,True
dataB,03_00_093.png,True,True,800,600,800,600,True
dataB,03_00_102.png,True,True,800,600,800,600,True
dataB,03_00_103.png,True,True,800,600,800,600,True
dataB,03_00_112.png,True,True,800,600,800,600,True
dataB,03_00_113.png,True,True,800,600,800,600,True
dataB,03_00_122.png,True,True,800,600,800,600,True
dataB,03_00_123.png,True,True,800,600,800,600,True
dataB,03_00_132.png,True,True,800,600,800,600,True
dataB,03_00_133.png,True,True,800,600,800,600,True
dataB,03_00_142.png,True,True,800,600,800,600,True
dataB,03_00_143.png,True,True,800,600,800,600,True
dataB,03_00_152.png,True,True,800,600,800,600,True
dataB,03_00_153.png,True,True,800,600,800,600,True
dataB,03_00_162.png,True,True,800,600,800,600,True
dataB,03_00_163.png,True,True,800,600,800,600,True
dataB,03_00_172.png,True,True,800,600,800,600,True
dataB,03_00_173.png,True,True,800,600,800,600,True
dataB,03_00_182.png,True,True,800,600,800,600,True
dataB,03_00_183.png,True,True,800,600,800,600,True
dataB,03_00_192.png,True,True,800,600,800,600,True
dataB,03_00_193.png,True,True,800,600,800,600,True
dataB,03_00_202.png,True,True,800,600,800,600,True
dataB,03_00_203.png,True,True,800,600,800,600,True
dataB,03_00_212.png,True,True,800,600,800,600,True
dataB,03_00_213.png,True,True,800,600,800,600,True
dataB,03_00_222.png,True,True,800,600,800,600,True
dataB,03_00_223.png,True,True,800,600,800,600,True
dataB,03_00_232.png,True,True,800,600,800,600,True
dataB,03_00_233.png,True,True,800,600,800,600,True
dataB,03_00_242.png,True,True,800,600,800,600,True
dataB,03_00_243.png,True,True,800,600,800,600,True
dataB,03_01_002.png,True,True,800,600,800,600,True
dataB,03_01_003.png,True,True,800,600,800,600,True
dataB,03_01_012.png,True,True,800,600,800,600,True
dataB,03_01_013.png,True,True,800,600,800,600,True
dataB,03_01_022.png,True,True,800,600,800,600,True
dataB,03_01_023.png,True,True,800,600,800,600,True
dataB,03_01_032.png,True,True,800,600,800,600,True
dataB,03_01_033.png,True,True,800,600,800,600,True
dataB,03_01_042.png,True,True,800,600,800,600,True
dataB,03_01_043.png,True,True,800,600,800,600,True
dataB,03_01_052.png,True,True,800,600,800,600,True
dataB,03_01_053.png,True,True,800,600,800,600,True
dataB,03_01_062.png,True,True,800,600,800,600,True
dataB,03_01_063.png,True,True,800,600,800,600,True
dataB,03_01_072.png,True,True,800,600,800,600,True
dataB,03_01_073.png,True,True,800,600,800,600,True
dataB,03_01_082.png,True,True,800,600,800,600,True
dataB,03_01_083.png,True,True,800,600,800,600,True
dataB,03_01_092.png,True,True,800,600,800,600,True
dataB,03_01_093.png,True,True,800,600,800,600,True
dataB,03_01_102.png,True,True,800,600,800,600,True
dataB,03_01_103.png,True,True,800,600,800,600,True
dataB,03_01_112.png,True,True,800,600,800,600,True
dataB,03_01_113.png,True,True,800,600,800,600,True
dataB,03_01_122.png,True,True,800,600,800,600,True
dataB,03_01_123.png,True,True,800,600,800,600,True
dataB,03_01_132.png,True,True,800,600,800,600,True
dataB,03_01_133.png,True,True,800,600,800,600,True
dataB,03_01_142.png,True,True,800,600,800,600,True
dataB,03_01_143.png,True,True,800,600,800,600,True
dataB,03_01_152.png,True,True,800,600,800,600,True
dataB,03_01_153.png,True,True,800,600,800,600,True
dataB,03_01_162.png,True,True,800,600,800,600,True
dataB,03_01_163.png,True,True,800,600,800,600,True
dataB,03_01_172.png,True,True,800,600,800,600,True
dataB,03_01_173.png,True,True,800,600,800,600,True
dataB,03_01_182.png,True,True,800,600,800,600,True
dataB,03_01_183.png,True,True,800,600,800,600,True
dataB,03_01_192.png,True,True,800,600,800,600,True
dataB,03_01_193.png,True,True,800,600,800,600,True
dataB,03_01_202.png,True,True,800,600,800,600,True
dataB,03_01_203.png,True,True,800,600,800,600,True
dataB,03_01_212.png,True,True,800,600,800,600,True
dataB,03_01_213.png,True,True,800,600,800,600,True
dataB,03_01_222.png,True,True,800,600,800,600,True
dataB,03_01_223.png,True,True,800,600,800,600,True
dataB,03_01_232.png,True,True,800,600,800,600,True
dataB,03_01_233.png,True,True,800,600,800,600,True
dataB,03_01_242.png,True,True,800,600,800,600,True
dataB,03_01_243.png,True,True,800,600,800,600,True
dataB,04_00_002.png,True,True,800,600,800,600,True
dataB,04_00_003.png,True,True,800,600,800,600,True
dataB,04_00_012.png,True,True,800,600,800,600,True
dataB,04_00_013.png,True,True,800,600,800,600,True
dataB,04_00_022.png,True,True,800,600,800,600,True
dataB,04_00_023.png,True,True,800,600,800,600,True
dataB,04_00_032.png,True,True,800,600,800,600,True
dataB,04_00_033.png,True,True,800,600,800,600,True
dataB,04_00_042.png,True,True,800,600,800,600,True
dataB,04_00_043.png,True,True,800,600,800,600,True
dataB,04_00_052.png,True,True,800,600,800,600,True
dataB,04_00_053.png,True,True,800,600,800,600,True
dataB,04_00_062.png,True,True,800,600,800,600,True
dataB,04_00_063.png,True,True,800,600,800,600,True
dataB,04_00_072.png,True,True,800,600,800,600,True
dataB,04_00_073.png,True,True,800,600,800,600,True
dataB,04_00_082.png,True,True,800,600,800,600,True
dataB,04_00_083.png,True,True,800,600,800,600,True
dataB,04_00_092.png,True,True,800,600,800,600,True
dataB,04_00_093.png,True,True,800,600,800,600,True
dataB,04_00_102.png,True,True,800,600,800,600,True
dataB,04_00_103.png,True,True,800,600,800,600,True
dataB,04_00_112.png,True,True,800,600,800,600,True
dataB,04_00_113.png,True,True,800,600,800,600,True
dataB,04_00_122.png,True,True,800,600,800,600,True
dataB,04_00_123.png,True,True,800,600,800,600,True
dataB,04_00_132.png,True,True,800,600,800,600,True
dataB,04_00_133.png,True,True,800,600,800,600,True
dataB,04_00_142.png,True,True,800,600,800,600,True
dataB,04_00_143.png,True,True,800,600,800,600,True
dataB,04_00_152.png,True,True,800,600,800,600,True
dataB,04_00_153.png,True,True,800,600,800,600,True
dataB,04_00_162.png,True,True,800,600,800,600,True
dataB,04_00_163.png,True,True,800,600,800,600,True
dataB,04_00_172.png,True,True,800,600,800,600,True
dataB,04_00_173.png,True,True,800,600,800,600,True
dataB,04_00_182.png,True,True,800,600,800,600,True
dataB,04_00_183.png,True,True,800,600,800,600,True
dataB,04_00_192.png,True,True,800,600,800,600,True
dataB,04_00_193.png,True,True,800,600,800,600,True
dataB,04_00_202.png,True,True,800,600,800,600,True
dataB,04_00_203.png,True,True,800,600,800,600,True
dataB,04_00_212.png,True,True,800,600,800,600,True
dataB,04_00_213.png,True,True,800,600,800,600,True
dataB,04_00_222.png,True,True,800,600,800,600,True
dataB,04_00_223.png,True,True,800,600,800,600,True
dataB,04_00_232.png,True,True,800,600,800,600,True
dataB,04_00_233.png,True,True,800,600,800,600,True
dataB,04_00_242.png,True,True,800,600,800,600,True
dataB,04_00_243.png,True,True,800,600,800,600,True
dataB,05_00_002.png,True,True,800,600,800,600,True
dataB,05_00_003.png,True,True,800,600,800,600,True
dataB,05_00_012.png,True,True,800,600,800,600,True
dataB,05_00_013.png,True,True,800,600,800,600,True
dataB,05_00_022.png,True,True,800,600,800,600,True
dataB,05_00_023.png,True,True,800,600,800,600,True
dataB,05_00_032.png,True,True,800,600,800,600,True
dataB,05_00_033.png,True,True,800,600,800,600,True
dataB,05_00_042.png,True,True,800,600,800,600,True
dataB,05_00_043.png,True,True,800,600,800,600,True
dataB,05_00_052.png,True,True,800,600,800,600,True
dataB,05_00_053.png,True,True,800,600,800,600,True
dataB,05_00_062.png,True,True,800,600,800,600,True
dataB,05_00_063.png,True,True,800,600,800,600,True
dataB,05_00_072.png,True,True,800,600,800,600,True
dataB,05_00_073.png,True,True,800,600,800,600,True
dataB,05_00_082.png,True,True,800,600,800,600,True
dataB,05_00_083.png,True,True,800,600,800,600,True
dataB,05_00_092.png,True,True,800,600,800,600,True
dataB,05_00_093.png,True,True,800,600,800,600,True
dataB,05_00_102.png,True,True,800,600,800,600,True
dataB,05_00_103.png,True,True,800,600,800,600,True
dataB,05_00_112.png,True,True,800,600,800,600,True
dataB,05_00_113.png,True,True,800,600,800,600,True
dataB,05_00_122.png,True,True,800,600,800,600,True
dataB,05_00_123.png,True,True,800,600,800,600,True
dataB,05_00_132.png,True,True,800,600,800,600,True
dataB,05_00_133.png,True,True,800,600,800,600,True
dataB,05_00_142.png,True,True,800,600,800,600,True
dataB,05_00_143.png,True,True,800,600,800,600,True
dataB,05_00_152.png,True,True,800,600,800,600,True
dataB,05_00_153.png,True,True,800,600,800,600,True
dataB,05_00_162.png,True,True,800,600,800,600,True
dataB,05_00_163.png,True,True,800,600,800,600,True
dataB,05_00_172.png,True,True,800,600,800,600,True
dataB,05_00_173.png,True,True,800,600,800,600,True
dataB,05_00_182.png,True,True,800,600,800,600,True
dataB,05_00_183.png,True,True,800,600,800,600,True
dataB,05_00_192.png,True,True,800,600,800,600,True
dataB,05_00_193.png,True,True,800,600,800,600,True
dataB,05_00_202.png,True,True,800,600,800,600,True
dataB,05_00_203.png,True,True,800,600,800,600,True
dataB,05_00_212.png,True,True,800,600,800,600,True
dataB,05_00_213.png,True,True,800,600,800,600,True
dataB,05_00_222.png,True,True,800,600,800,600,True
dataB,05_00_223.png,True,True,800,600,800,600,True
dataB,05_00_232.png,True,True,800,600,800,600,True
dataB,05_00_233.png,True,True,800,600,800,600,True
dataB,05_00_242.png,True,True,800,600,800,600,True
dataB,05_00_243.png,True,True,800,600,800,600,True
dataB,06_00_002.png,True,True,800,600,800,600,True
dataB,06_00_003.png,True,True,800,600,800,600,True
dataB,06_00_012.png,True,True,800,600,800,600,True
dataB,06_00_013.png,True,True,800,600,800,600,True
dataB,06_00_022.png,True,True,800,600,800,600,True
dataB,06_00_023.png,True,True,800,600,800,600,True
dataB,06_00_032.png,True,True,800,600,800,600,True
dataB,06_00_033.png,True,True,800,600,800,600,True
dataB,06_00_042.png,True,True,800,600,800,600,True
dataB,06_00_043.png,True,True,800,600,800,600,True
dataB,06_00_052.png,True,True,800,600,800,600,True
dataB,06_00_053.png,True,True,800,600,800,600,True
dataB,06_00_062.png,True,True,800,600,800,600,True
dataB,06_00_063.png,True,True,800,600,800,600,True
dataB,06_00_072.png,True,True,800,600,800,600,True
dataB,06_00_073.png,True,True,800,600,800,600,True
dataB,06_00_082.png,True,True,800,600,800,600,True
dataB,06_00_083.png,True,True,800,600,800,600,True
dataB,06_00_092.png,True,True,800,600,800,600,True
dataB,06_00_093.png,True,True,800,600,800,600,True
dataB,06_00_102.png,True,True,800,600,800,600,True
dataB,06_00_103.png,True,True,800,600,800,600,True
dataB,06_00_112.png,True,True,800,600,800,600,True
dataB,06_00_113.png,True,True,800,600,800,600,True
dataB,06_00_122.png,True,True,800,600,800,600,True
dataB,06_00_123.png,True,True,800,600,800,600,True
dataB,06_00_132.png,True,True,800,600,800,600,True
dataB,06_00_133.png,True,True,800,600,800,600,True
dataB,06_00_142.png,True,True,800,600,800,600,True
dataB,06_00_143.png,True,True,800,600,800,600,True
dataB,06_00_152.png,True,True,800,600,800,600,True
dataB,06_00_153.png,True,True,800,600,800,600,True
dataB,06_00_162.png,True,True,800,600,800,600,True
dataB,06_00_163.png,True,True,800,600,800,600,True
dataB,06_00_172.png,True,True,800,600,800,600,True
dataB,06_00_173.png,True,True,800,600,800,600,True
dataB,06_00_182.png,True,True,800,600,800,600,True
dataB,06_00_183.png,True,True,800,600,800,600,True
dataB,06_00_192.png,True,True,800,600,800,600,True
dataB,06_00_193.png,True,True,800,600,800,600,True
dataB,06_00_202.png,True,True,800,600,800,600,True
dataB,06_00_203.png,True,True,800,600,800,600,True
dataB,06_00_212.png,True,True,800,600,800,600,True
dataB,06_00_213.png,True,True,800,600,800,600,True
dataB,06_00_222.png,True,True,800,600,800,600,True
dataB,06_00_223.png,True,True,800,600,800,600,True
dataB,06_00_232.png,True,True,800,600,800,600,True
dataB,06_00_233.png,True,True,800,600,800,600,True
dataB,06_00_242.png,True,True,800,600,800,600,True
dataB,06_00_243.png,True,True,800,600,800,600,True
dataB,07_00_002.png,True,True,800,600,800,600,True
dataB,07_00_003.png,True,True,800,600,800,600,True
dataB,07_00_012.png,True,True,800,600,800,600,True
dataB,07_00_013.png,True,True,800,600,800,600,True
dataB,07_00_022.png,True,True,800,600,800,600,True
dataB,07_00_023.png,True,True,800,600,800,600,True
dataB,07_00_032.png,True,True,800,600,800,600,True
dataB,07_00_033.png,True,True,800,600,800,600,True
dataB,07_00_042.png,True,True,800,600,800,600,True
dataB,07_00_043.png,True,True,800,600,800,600,True
dataB,07_00_052.png,True,True,800,600,800,600,True
dataB,07_00_053.png,True,True,800,600,800,600,True
dataB,07_00_062.png,True,True,800,600,800,600,True
dataB,07_00_063.png,True,True,800,600,800,600,True
dataB,07_00_072.png,True,True,800,600,800,600,True
dataB,07_00_073.png,True,True,800,600,800,600,True
dataB,07_00_082.png,True,True,800,600,800,600,True
dataB,07_00_083.png,True,True,800,600,800,600,True
dataB,07_00_092.png,True,True,800,600,800,600,True
dataB,07_00_093.png,True,True,800,600,800,600,True
dataB,07_00_102.png,True,True,800,600,800,600,True
dataB,07_00_103.png,True,True,800,600,800,600,True
dataB,07_00_112.png,True,True,800,600,800,600,True
dataB,07_00_113.png,True,True,800,600,800,600,True
dataB,07_00_122.png,True,True,800,600,800,600,True
dataB,07_00_123.png,True,True,800,600,800,600,True
dataB,07_00_132.png,True,True,800,600,800,600,True
dataB,07_00_133.png,True,True,800,600,800,600,True
dataB,07_00_142.png,True,True,800,600,800,600,True
dataB,07_00_143.png,True,True,800,600,800,600,True
dataB,07_00_152.png,True,True,800,600,800,600,True
dataB,07_00_153.png,True,True,800,600,800,600,True
dataB,07_00_162.png,True,True,800,600,800,600,True
dataB,07_00_163.png,True,True,800,600,800,600,True
dataB,07_00_172.png,True,True,800,600,800,600,True
dataB,07_00_173.png,True,True,800,600,800,600,True
dataB,07_00_182.png,True,True,800,600,800,600,True
dataB,07_00_183.png,True,True,800,600,800,600,True
dataB,07_00_192.png,True,True,800,600,800,600,True
dataB,07_00_193.png,True,True,800,600,800,600,True
dataB,07_00_202.png,True,True,800,600,800,600,True
dataB,07_00_203.png,True,True,800,600,800,600,True
dataB,07_00_212.png,True,True,800,600,800,600,True
dataB,07_00_213.png,True,True,800,600,800,600,True
dataB,07_00_222.png,True,True,800,600,800,600,True
dataB,07_00_223.png,True,True,800,600,800,600,True
dataB,07_00_232.png,True,True,800,600,800,600,True
dataB,07_00_233.png,True,True,800,600,800,600,True
dataB,07_00_242.png,True,True,800,600,800,600,True
dataB,07_00_243.png,True,True,800,600,800,600,True
dataB,08_00_002.png,True,True,800,600,800,600,True
dataB,08_00_003.png,True,True,800,600,800,600,True
dataB,08_00_012.png,True,True,800,600,800,600,True
dataB,08_00_013.png,True,True,800,600,800,600,True
dataB,08_00_022.png,True,True,800,600,800,600,True
dataB,08_00_023.png,True,True,800,600,800,600,True
dataB,08_00_032.png,True,True,800,600,800,600,True
dataB,08_00_033.png,True,True,800,600,800,600,True
dataB,08_00_042.png,True,True,800,600,800,600,True
dataB,08_00_043.png,True,True,800,600,800,600,True
dataB,08_00_052.png,True,True,800,600,800,600,True
dataB,08_00_053.png,True,True,800,600,800,600,True
dataB,08_00_062.png,True,True,800,600,800,600,True
dataB,08_00_063.png,True,True,800,600,800,600,True
dataB,08_00_072.png,True,True,800,600,800,600,True
dataB,08_00_073.png,True,True,800,600,800,600,True
dataB,08_00_082.png,True,True,800,600,800,600,True
dataB,08_00_083.png,True,True,800,600,800,600,True
dataB,08_00_092.png,True,True,800,600,800,600,True
dataB,08_00_093.png,True,True,800,600,800,600,True
dataB,08_00_102.png,True,True,800,600,800,600,True
dataB,08_00_103.png,True,True,800,600,800,600,True
dataB,08_00_112.png,True,True,800,600,800,600,True
dataB,08_00_113.png,True,True,800,600,800,600,True
dataB,08_00_122.png,True,True,800,600,800,600,True
dataB,08_00_123.png,True,True,800,600,800,600,True
dataB,08_00_132.png,True,True,800,600,800,600,True
dataB,08_00_133.png,True,True,800,600,800,600,True
dataB,08_00_142.png,True,True,800,600,800,600,True
dataB,08_00_143.png,True,True,800,600,800,600,True
dataB,08_00_152.png,True,True,800,600,800,600,True
dataB,08_00_153.png,True,True,800,600,800,600,True
dataB,08_00_162.png,True,True,800,600,800,600,True
dataB,08_00_163.png,True,True,800,600,800,600,True
dataB,08_00_172.png,True,True,800,600,800,600,True
dataB,08_00_173.png,True,True,800,600,800,600,True
dataB,08_00_182.png,True,True,800,600,800,600,True
dataB,08_00_183.png,True,True,800,600,800,600,True
dataB,08_00_192.png,True,True,800,600,800,600,True
dataB,08_00_193.png,True,True,800,600,800,600,True
dataB,08_00_202.png,True,True,800,600,800,600,True
dataB,08_00_203.png,True,True,800,600,800,600,True
dataB,08_00_212.png,True,True,800,600,800,600,True
dataB,08_00_213.png,True,True,800,600,800,600,True
dataB,08_00_222.png,True,True,800,600,800,600,True
dataB,08_00_223.png,True,True,800,600,800,600,True
dataB,08_00_232.png,True,True,800,600,800,600,True
dataB,08_00_233.png,True,True,800,600,800,600,True
dataB,08_00_242.png,True,True,800,600,800,600,True
dataB,08_00_243.png,True,True,800,600,800,600,True
dataB,09_00_002.png,True,True,800,600,800,600,True
dataB,09_00_003.png,True,True,800,600,800,600,True
dataB,09_00_012.png,True,True,800,600,800,600,True
dataB,09_00_013.png,True,True,800,600,800,600,True
dataB,09_00_022.png,True,True,800,600,800,600,True
dataB,09_00_023.png,True,True,800,600,800,600,True
dataB,09_00_032.png,True,True,800,600,800,600,True
dataB,09_00_033.png,True,True,800,600,800,600,True
dataB,09_00_042.png,True,True,800,600,800,600,True
dataB,09_00_043.png,True,True,800,600,800,600,True
dataB,09_00_052.png,True,True,800,600,800,600,True
dataB,09_00_053.png,True,True,800,600,800,600,True
dataB,09_00_062.png,True,True,800,600,800,600,True
dataB,09_00_063.png,True,True,800,600,800,600,True
dataB,09_00_072.png,True,True,800,600,800,600,True
dataB,09_00_073.png,True,True,800,600,800,600,True
dataB,09_00_082.png,True,True,800,600,800,600,True
dataB,09_00_083.png,True,True,800,600,800,600,True
dataB,09_00_092.png,True,True,800,600,800,600,True
dataB,09_00_093.png,True,True,800,600,800,600,True
dataB,09_00_102.png,True,True,800,600,800,600,True
dataB,09_00_103.png,True,True,800,600,800,600,True
dataB,09_00_112.png,True,True,800,600,800,600,True
dataB,09_00_113.png,True,True,800,600,800,600,True
dataB,09_00_122.png,True,True,800,600,800,600,True
dataB,09_00_123.png,True,True,800,600,800,600,True
dataB,09_00_132.png,True,True,800,600,800,600,True
dataB,09_00_133.png,True,True,800,600,800,600,True
dataB,09_00_142.png,True,True,800,600,800,600,True
dataB,09_00_143.png,True,True,800,600,800,600,True
dataB,09_00_152.png,True,True,800,600,800,600,True
dataB,09_00_153.png,True,True,800,600,800,600,True
dataB,09_00_162.png,True,True,800,600,800,600,True
dataB,09_00_163.png,True,True,800,600,800,600,True
dataB,09_00_172.png,True,True,800,600,800,600,True
dataB,09_00_173.png,True,True,800,600,800,600,True
dataB,09_00_182.png,True,True,800,600,800,600,True
dataB,09_00_183.png,True,True,800,600,800,600,True
dataB,09_00_192.png,True,True,800,600,800,600,True
dataB,09_00_193.png,True,True,800,600,800,600,True
dataB,09_00_202.png,True,True,800,600,800,600,True
dataB,09_00_203.png,True,True,800,600,800,600,True
dataB,09_00_212.png,True,True,800,600,800,600,True
dataB,09_00_213.png,True,True,800,600,800,600,True
dataB,09_00_222.png,True,True,800,600,800,600,True
dataB,09_00_223.png,True,True,800,600,800,600,True
dataB,09_00_232.png,True,True,800,600,800,600,True
dataB,09_00_233.png,True,True,800,600,800,600,True
dataB,09_00_242.png,True,True,800,600,800,600,True
dataB,09_00_243.png,True,True,800,600,800,600,True
dataB,10_00_002.png,True,True,800,600,800,600,True
dataB,10_00_003.png,True,True,800,600,800,600,True
dataB,10_00_012.png,True,True,800,600,800,600,True
dataB,10_00_013.png,True,True,800,600,800,600,True
dataB,10_00_022.png,True,True,800,600,800,600,True
dataB,10_00_023.png,True,True,800,600,800,600,True
dataB,10_00_032.png,True,True,800,600,800,600,True
dataB,10_00_033.png,True,True,800,600,800,600,True
dataB,10_00_042.png,True,True,800,600,800,600,True
dataB,10_00_043.png,True,True,800,600,800,600,True
dataB,10_00_052.png,True,True,800,600,800,600,True
dataB,10_00_053.png,True,True,800,600,800,600,True
dataB,10_00_062.png,True,True,800,600,800,600,True
dataB,10_00_063.png,True,True,800,600,800,600,True
dataB,10_00_072.png,True,True,800,600,800,600,True
dataB,10_00_073.png,True,True,800,600,800,600,True
dataB,10_00_082.png,True,True,800,600,800,600,True
dataB,10_00_083.png,True,True,800,600,800,600,True
dataB,10_00_092.png,True,True,800,600,800,600,True
dataB,10_00_093.png,True,True,800,600,800,600,True
dataB,10_00_102.png,True,True,800,600,800,600,True
dataB,10_00_103.png,True,True,800,600,800,600,True
dataB,10_00_112.png,True,True,800,600,800,600,True
dataB,10_00_113.png,True,True,800,600,800,600,True
dataB,10_00_122.png,True,True,800,600,800,600,True
dataB,10_00_123.png,True,True,800,600,800,600,True
dataB,10_00_132.png,True,True,800,600,800,600,True
dataB,10_00_133.png,True,True,800,600,800,600,True
dataB,10_00_142.png,True,True,800,600,800,600,True
dataB,10_00_143.png,True,True,800,600,800,600,True
dataB,10_00_152.png,True,True,800,600,800,600,True
dataB,10_00_153.png,True,True,800,600,800,600,True
dataB,10_00_162.png,True,True,800,600,800,600,True
dataB,10_00_163.png,True,True,800,600,800,600,True
dataB,10_00_172.png,True,True,800,600,800,600,True
dataB,10_00_173.png,True,True,800,600,800,600,True
dataB,10_00_182.png,True,True,800,600,800,600,True
dataB,10_00_183.png,True,True,800,600,800,600,True
dataB,10_00_192.png,True,True,800,600,800,600,True
dataB,10_00_193.png,True,True,800,600,800,600,True
dataB,10_00_202.png,True,True,800,600,800,600,True
dataB,10_00_203.png,True,True,800,600,800,600,True
dataB,10_00_212.png,True,True,800,600,800,600,True
dataB,10_00_213.png,True,True,800,600,800,600,True
dataB,10_00_222.png,True,True,800,600,800,600,True
dataB,10_00_223.png,True,True,800,600,800,600,True
dataB,10_00_232.png,True,True,800,600,800,600,True
dataB,10_00_233.png,True,True,800,600,800,600,True
dataB,10_00_242.png,True,True,800,600,800,600,True
dataB,10_00_243.png,True,True,800,600,800,600,True
dataB,F1-12.png,True,True,800,600,800,600,True
dataB,F1-13.png,True,True,800,600,800,600,True
dataB,F1-2.png,True,True,800,600,800,600,True
dataB,F1-22.png,True,True,800,600,800,600,True
dataB,F1-23.png,True,True,800,600,800,600,True
dataB,F1-3.png,True,True,800,600,800,600,True
dataB,F1-32.png,True,True,800,600,800,600,True
dataB,F1-33.png,True,True,800,600,800,600,True
dataB,F1-42.png,True,True,800,600,800,600,True
dataB,F1-43.png,True,True,800,600,800,600,True
dataB,F1-52.png,True,True,800,600,800,600,True
dataB,F1-53.png,True,True,800,600,800,600,True
dataB,F1-62.png,True,True,800,600,800,600,True
dataB,F1-63.png,True,True,800,600,800,600,True
dataB,F1-72.png,True,True,800,600,800,600,True
dataB,F1-73.png,True,True,800,600,800,600,True
dataB,F1-82.png,True,True,800,600,800,600,True
dataB,F1-83.png,True,True,800,600,800,600,True
dataB,F1-92.png,True,True,800,600,800,600,True
dataB,F1-93.png,True,True,800,600,800,600,True
dataB,F10-12.png,True,True,800,600,800,600,True
dataB,F10-13.png,True,True,800,600,800,600,True
dataB,F10-2.png,True,True,800,600,800,600,True
dataB,F10-22.png,True,True,800,600,800,600,True
dataB,F10-23.png,True,True,800,600,800,600,True
dataB,F10-3.png,True,True,800,600,800,600,True
dataB,F10-32.png,True,True,800,600,800,600,True
dataB,F10-33.png,True,True,800,600,800,600,True
dataB,F10-42.png,True,True,800,600,800,600,True
dataB,F10-43.png,True,True,800,600,800,600,True
dataB,F10-52.png,True,True,800,600,800,600,True
dataB,F10-53.png,True,True,800,600,800,600,True
dataB,F10-62.png,True,True,800,600,800,600,True
dataB,F10-63.png,True,True,800,600,800,600,True
dataB,F10-72.png,True,True,800,600,800,600,True
dataB,F10-73.png,True,True,800,600,800,600,True
dataB,F10-82.png,True,True,800,600,800,600,True
dataB,F10-83.png,True,True,800,600,800,600,True
dataB,F10-92.png,True,True,800,600,800,600,True
dataB,F10-93.png,True,True,800,600,800,600,True
dataB,F2-12.png,True,True,800,600,800,600,True
dataB,F2-13.png,True,True,800,600,800,600,True
dataB,F2-2.png,True,True,800,600,800,600,True
dataB,F2-22.png,True,True,800,600,800,600,True
dataB,F2-23.png,True,True,800,600,800,600,True
dataB,F2-3.png,True,True,800,600,800,600,True
dataB,F2-32.png,True,True,800,600,800,600,True
dataB,F2-33.png,True,True,800,600,800,600,True
dataB,F2-42.png,True,True,800,600,800,600,True
dataB,F2-43.png,True,True,800,600,800,600,True
dataB,F2-52.png,True,True,800,600,800,600,True
dataB,F2-53.png,True,True,800,600,800,600,True
dataB,F2-62.png,True,True,800,600,800,600,True
dataB,F2-63.png,True,True,800,600,800,600,True
dataB,F2-72.png,True,True,800,600,800,600,True
dataB,F2-73.png,True,True,800,600,800,600,True
dataB,F2-82.png,True,True,800,600,800,600,True
dataB,F2-83.png,True,True,800,600,800,600,True
dataB,F2-92.png,True,True,800,600,800,600,True
dataB,F2-93.png,True,True,800,600,800,600,True
dataB,F3-12.png,True,True,800,600,800,600,True
dataB,F3-13.png,True,True,800,600,800,600,True
dataB,F3-2.png,True,True,800,600,800,600,True
dataB,F3-22.png,True,True,800,600,800,600,True
dataB,F3-23.png,True,True,800,600,800,600,True
dataB,F3-3.png,True,True,800,600,800,600,True
dataB,F3-32.png,True,True,800,600,800,600,True
dataB,F3-33.png,True,True,800,600,800,600,True
dataB,F3-42.png,True,True,800,600,800,600,True
dataB,F3-43.png,True,True,800,600,800,600,True
dataB,F3-52.png,True,True,800,600,800,600,True
dataB,F3-53.png,True,True,800,600,800,600,True
dataB,F3-62.png,True,True,800,600,800,600,True
dataB,F3-63.png,True,True,800,600,800,600,True
dataB,F3-72.png,True,True,800,600,800,600,True
dataB,F3-73.png,True,True,800,600,800,600,True
dataB,F3-82.png,True,True,800,600,800,600,True
dataB,F3-83.png,True,True,800,600,800,600,True
dataB,F3-92.png,True,True,800,600,800,600,True
dataB,F3-93.png,True,True,800,600,800,600,True
dataB,F4-12.png,True,True,800,600,800,600,True
dataB,F4-13.png,True,True,800,600,800,600,True
dataB,F4-2.png,True,True,800,600,800,600,True
dataB,F4-22.png,True,True,800,600,800,600,True
dataB,F4-23.png,True,True,800,600,800,600,True
dataB,F4-3.png,True,True,800,600,800,600,True
dataB,F4-32.png,True,True,800,600,800,600,True
dataB,F4-33.png,True,True,800,600,800,600,True
dataB,F4-42.png,True,True,800,600,800,600,True
dataB,F4-43.png,True,True,800,600,800,600,True
dataB,F4-52.png,True,True,800,600,800,600,True
dataB,F4-53.png,True,True,800,600,800,600,True
dataB,F4-62.png,True,True,800,600,800,600,True
dataB,F4-63.png,True,True,800,600,800,600,True
dataB,F4-72.png,True,True,800,600,800,600,True
dataB,F4-73.png,True,True,800,600,800,600,True
dataB,F4-82.png,True,True,800,600,800,600,True
dataB,F4-83.png,True,True,800,600,800,600,True
dataB,F4-92.png,True,True,800,600,800,600,True
dataB,F4-93.png,True,True,800,600,800,600,True
dataB,F5-12.png,True,True,800,600,800,600,True
dataB,F5-13.png,True,True,800,600,800,600,True
dataB,F5-2.png,True,True,800,600,800,600,True
dataB,F5-22.png,True,True,800,600,800,600,True
dataB,F5-23.png,True,True,800,600,800,600,True
dataB,F5-3.png,True,True,800,600,800,600,True
dataB,F5-32.png,True,True,800,600,800,600,True
dataB,F5-33.png,True,True,800,600,800,600,True
dataB,F5-42.png,True,True,800,600,800,600,True
dataB,F5-43.png,True,True,800,600,800,600,True
dataB,F5-52.png,True,True,800,600,800,600,True
dataB,F5-53.png,True,True,800,600,800,600,True
dataB,F5-62.png,True,True,800,600,800,600,True
dataB,F5-63.png,True,True,800,600,800,600,True
dataB,F5-72.png,True,True,800,600,800,600,True
dataB,F5-73.png,True,True,800,600,800,600,True
dataB,F5-82.png,True,True,800,600,800,600,True
dataB,F5-83.png,True,True,800,600,800,600,True
dataB,F5-92.png,True,True,800,600,800,600,True
dataB,F5-93.png,True,True,800,600,800,600,True
dataB,F6-12.png,True,True,800,600,800,600,True
dataB,F6-13.png,True,True,800,600,800,600,True
dataB,F6-2.png,True,True,800,600,800,600,True
dataB,F6-22.png,True,True,800,600,800,600,True
dataB,F6-23.png,True,True,800,600,800,600,True
dataB,F6-3.png,True,True,800,600,800,600,True
dataB,F6-32.png,True,True,800,600,800,600,True
dataB,F6-33.png,True,True,800,600,800,600,True
dataB,F6-42.png,True,True,800,600,800,600,True
dataB,F6-43.png,True,True,800,600,800,600,True
dataB,F6-52.png,True,True,800,600,800,600,True
dataB,F6-53.png,True,True,800,600,800,600,True
dataB,F6-62.png,True,True,800,600,800,600,True
dataB,F6-63.png,True,True,800,600,800,600,True
dataB,F6-72.png,True,True,800,600,800,600,True
dataB,F6-73.png,True,True,800,600,800,600,True
dataB,F6-82.png,True,True,800,600,800,600,True
dataB,F6-83.png,True,True,800,600,800,600,True
dataB,F6-92.png,True,True,800,600,800,600,True
dataB,F6-93.png,True,True,800,600,800,600,True
dataB,F61-12.png,True,True,800,600,800,600,True
dataB,F61-13.png,True,True,800,600,800,600,True
dataB,F61-2.png,True,True,800,600,800,600,True
dataB,F61-22.png,True,True,800,600,800,600,True
dataB,F61-23.png,True,True,800,600,800,600,True
dataB,F61-3.png,True,True,800,600,800,600,True
dataB,F61-32.png,True,True,800,600,800,600,True
dataB,F61-33.png,True,True,800,600,800,600,True
dataB,F61-42.png,True,True,800,600,800,600,True
dataB,F61-43.png,True,True,800,600,800,600,True
dataB,F61-52.png,True,True,800,600,800,600,True
dataB,F61-53.png,True,True,800,600,800,600,True
dataB,F61-62.png,True,True,800,600,800,600,True
dataB,F61-63.png,True,True,800,600,800,600,True
dataB,F61-72.png,True,True,800,600,800,600,True
dataB,F61-73.png,True,True,800,600,800,600,True
dataB,F61-82.png,True,True,800,600,800,600,True
dataB,F61-83.png,True,True,800,600,800,600,True
dataB,F61-92.png,True,True,800,600,800,600,True
dataB,F61-93.png,True,True,800,600,800,600,True
dataB,F62-12.png,True,True,800,600,800,600,True
dataB,F62-13.png,True,True,800,600,800,600,True
dataB,F62-2.png,True,True,800,600,800,600,True
dataB,F62-22.png,True,True,800,600,800,600,True
dataB,F62-23.png,True,True,800,600,800,600,True
dataB,F62-3.png,True,True,800,600,800,600,True
dataB,F62-32.png,True,True,800,600,800,600,True
dataB,F62-33.png,True,True,800,600,800,600,True
dataB,F62-42.png,True,True,800,600,800,600,True
dataB,F62-43.png,True,True,800,600,800,600,True
dataB,F62-52.png,True,True,800,600,800,600,True
dataB,F62-53.png,True,True,800,600,800,600,True
dataB,F62-62.png,True,True,800,600,800,600,True
dataB,F62-63.png,True,True,800,600,800,600,True
dataB,F62-72.png,True,True,800,600,800,600,True
dataB,F62-73.png,True,True,800,600,800,600,True
dataB,F62-82.png,True,True,800,600,800,600,True
dataB,F62-83.png,True,True,800,600,800,600,True
dataB,F62-92.png,True,True,800,600,800,600,True
dataB,F62-93.png,True,True,800,600,800,600,True
dataB,F63-12.png,True,True,800,600,800,600,True
dataB,F63-13.png,True,True,800,600,800,600,True
dataB,F63-2.png,True,True,800,600,800,600,True
dataB,F63-22.png,True,True,800,600,800,600,True
dataB,F63-23.png,True,True,800,600,800,600,True
dataB,F63-3.png,True,True,800,600,800,600,True
dataB,F63-32.png,True,True,800,600,800,600,True
dataB,F63-33.png,True,True,800,600,800,600,True
dataB,F63-42.png,True,True,800,600,800,600,True
dataB,F63-43.png,True,True,800,600,800,600,True
dataB,F63-52.png,True,True,800,600,800,600,True
dataB,F63-53.png,True,True,800,600,800,600,True
dataB,F63-62.png,True,True,800,600,800,600,True
dataB,F63-63.png,True,True,800,600,800,600,True
dataB,F63-72.png,True,True,800,600,800,600,True
dataB,F63-73.png,True,True,800,600,800,600,True
dataB,F63-82.png,True,True,800,600,800,600,True
dataB,F63-83.png,True,True,800,600,800,600,True
dataB,F63-92.png,True,True,800,600,800,600,True
dataB,F63-93.png,True,True,800,600,800,600,True
dataB,F64-12.png,True,True,800,600,800,600,True
dataB,F64-13.png,True,True,800,600,800,600,True
dataB,F64-2.png,True,True,800,600,800,600,True
dataB,F64-22.png,True,True,800,600,800,600,True
dataB,F64-23.png,True,True,800,600,800,600,True
dataB,F64-3.png,True,True,800,600,800,600,True
dataB,F64-32.png,True,True,800,600,800,600,True
dataB,F64-33.png,True,True,800,600,800,600,True
dataB,F64-42.png,True,True,800,600,800,600,True
dataB,F64-43.png,True,True,800,600,800,600,True
dataB,F64-52.png,True,True,800,600,800,600,True
dataB,F64-53.png,True,True,800,600,800,600,True
dataB,F64-62.png,True,True,800,600,800,600,True
dataB,F64-63.png,True,True,800,600,800,600,True
dataB,F64-72.png,True,True,800,600,800,600,True
dataB,F64-73.png,True,True,800,600,800,600,True
dataB,F64-82.png,True,True,800,600,800,600,True
dataB,F64-83.png,True,True,800,600,800,600,True
dataB,F64-92.png,True,True,800,600,800,600,True
dataB,F64-93.png,True,True,800,600,800,600,True
dataB,F65-12.png,True,True,800,600,800,600,True
dataB,F65-13.png,True,True,800,600,800,600,True
dataB,F65-2.png,True,True,800,600,800,600,True
dataB,F65-22.png,True,True,800,600,800,600,True
dataB,F65-23.png,True,True,800,600,800,600,True
dataB,F65-3.png,True,True,800,600,800,600,True
dataB,F65-32.png,True,True,800,600,800,600,True
dataB,F65-33.png,True,True,800,600,800,600,True
dataB,F65-42.png,True,True,800,600,800,600,True
dataB,F65-43.png,True,True,800,600,800,600,True
dataB,F65-52.png,True,True,800,600,800,600,True
dataB,F65-53.png,True,True,800,600,800,600,True
dataB,F65-62.png,True,True,800,600,800,600,True
dataB,F65-63.png,True,True,800,600,800,600,True
dataB,F65-72.png,True,True,800,600,800,600,True
dataB,F65-73.png,True,True,800,600,800,600,True
dataB,F65-82.png,True,True,800,600,800,600,True
dataB,F65-83.png,True,True,800,600,800,600,True
dataB,F65-92.png,True,True,800,600,800,600,True
dataB,F65-93.png,True,True,800,600,800,600,True
dataB,F66-12.png,True,True,800,600,800,600,True
dataB,F66-13.png,True,True,800,600,800,600,True
dataB,F66-2.png,True,True,800,600,800,600,True
dataB,F66-22.png,True,True,800,600,800,600,True
dataB,F66-23.png,True,True,800,600,800,600,True
dataB,F66-3.png,True,True,800,600,800,600,True
dataB,F66-32.png,True,True,800,600,800,600,True
dataB,F66-33.png,True,True,800,600,800,600,True
dataB,F66-42.png,True,True,800,600,800,600,True
dataB,F66-43.png,True,True,800,600,800,600,True
dataB,F66-52.png,True,True,800,600,800,600,True
dataB,F66-53.png,True,True,800,600,800,600,True
dataB,F66-62.png,True,True,800,600,800,600,True
dataB,F66-63.png,True,True,800,600,800,600,True
dataB,F66-72.png,True,True,800,600,800,600,True
dataB,F66-73.png,True,True,800,600,800,600,True
dataB,F66-82.png,True,True,800,600,800,600,True
dataB,F66-83.png,True,True,800,600,800,600,True
dataB,F66-92.png,True,True,800,600,800,600,True
dataB,F66-93.png,True,True,800,600,800,600,True
dataB,F67-12.png,True,True,800,600,800,600,True
dataB,F67-13.png,True,True,800,600,800,600,True
dataB,F67-2.png,True,True,800,600,800,600,True
dataB,F67-22.png,True,True,800,600,800,600,True
dataB,F67-23.png,True,True,800,600,800,600,True
dataB,F67-3.png,True,True,800,600,800,600,True
dataB,F67-32.png,True,True,800,600,800,600,True
dataB,F67-33.png,True,True,800,600,800,600,True
dataB,F67-42.png,True,True,800,600,800,600,True
dataB,F67-43.png,True,True,800,600,800,600,True
dataB,F67-52.png,True,True,800,600,800,600,True
dataB,F67-53.png,True,True,800,600,800,600,True
dataB,F67-62.png,True,True,800,600,800,600,True
dataB,F67-63.png,True,True,800,600,800,600,True
dataB,F67-72.png,True,True,800,600,800,600,True
dataB,F67-73.png,True,True,800,600,800,600,True
dataB,F67-82.png,True,True,800,600,800,600,True
dataB,F67-83.png,True,True,800,600,800,600,True
dataB,F67-92.png,True,True,800,600,800,600,True
dataB,F67-93.png,True,True,800,600,800,600,True
dataB,F68-12.png,True,True,800,600,800,600,True
dataB,F68-13.png,True,True,800,600,800,600,True
dataB,F68-2.png,True,True,800,600,800,600,True
dataB,F68-22.png,True,True,800,600,800,600,True
dataB,F68-23.png,True,True,800,600,800,600,True
dataB,F68-3.png,True,True,800,600,800,600,True
dataB,F68-32.png,True,True,800,600,800,600,True
dataB,F68-33.png,True,True,800,600,800,600,True
dataB,F68-42.png,True,True,800,600,800,600,True
dataB,F68-43.png,True,True,800,600,800,600,True
dataB,F68-52.png,True,True,800,600,800,600,True
dataB,F68-53.png,True,True,800,600,800,600,True
dataB,F68-62.png,True,True,800,600,800,600,True
dataB,F68-63.png,True,True,800,600,800,600,True
dataB,F68-72.png,True,True,800,600,800,600,True
dataB,F68-73.png,True,True,800,600,800,600,True
dataB,F68-82.png,True,True,800,600,800,600,True
dataB,F68-83.png,True,True,800,600,800,600,True
dataB,F68-92.png,True,True,800,600,800,600,True
dataB,F68-93.png,True,True,800,600,800,600,True
dataB,F69-12.png,True,True,800,600,800,600,True
dataB,F69-13.png,True,True,800,600,800,600,True
dataB,F69-2.png,True,True,800,600,800,600,True
dataB,F69-22.png,True,True,800,600,800,600,True
dataB,F69-23.png,True,True,800,600,800,600,True
dataB,F69-3.png,True,True,800,600,800,600,True
dataB,F69-32.png,True,True,800,600,800,600,True
dataB,F69-33.png,True,True,800,600,800,600,True
dataB,F69-42.png,True,True,800,600,800,600,True
dataB,F69-43.png,True,True,800,600,800,600,True
dataB,F69-52.png,True,True,800,600,800,600,True
dataB,F69-53.png,True,True,800,600,800,600,True
dataB,F69-62.png,True,True,800,600,800,600,True
dataB,F69-63.png,True,True,800,600,800,600,True
dataB,F69-72.png,True,True,800,600,800,600,True
dataB,F69-73.png,True,True,800,600,800,600,True
dataB,F69-82.png,True,True,800,600,800,600,True
dataB,F69-83.png,True,True,800,600,800,600,True
dataB,F69-92.png,True,True,800,600,800,600,True
dataB,F69-93.png,True,True,800,600,800,600,True
dataB,F7-12.png,True,True,800,600,800,600,True
dataB,F7-13.png,True,True,800,600,800,600,True
dataB,F7-2.png,True,True,800,600,800,600,True
dataB,F7-22.png,True,True,800,600,800,600,True
dataB,F7-23.png,True,True,800,600,800,600,True
dataB,F7-3.png,True,True,800,600,800,600,True
dataB,F7-32.png,True,True,800,600,800,600,True
dataB,F7-33.png,True,True,800,600,800,600,True
dataB,F7-42.png,True,True,800,600,800,600,True
dataB,F7-43.png,True,True,800,600,800,600,True
dataB,F7-52.png,True,True,800,600,800,600,True
dataB,F7-53.png,True,True,800,600,800,600,True
dataB,F7-62.png,True,True,800,600,800,600,True
dataB,F7-63.png,True,True,800,600,800,600,True
dataB,F7-72.png,True,True,800,600,800,600,True
dataB,F7-73.png,True,True,800,600,800,600,True
dataB,F7-82.png,True,True,800,600,800,600,True
dataB,F7-83.png,True,True,800,600,800,600,True
dataB,F7-92.png,True,True,800,600,800,600,True
dataB,F7-93.png,True,True,800,600,800,600,True
dataB,F70-12.png,True,True,800,600,800,600,True
dataB,F70-13.png,True,True,800,600,800,600,True
dataB,F70-2.png,True,True,800,600,800,600,True
dataB,F70-22.png,True,True,800,600,800,600,True
dataB,F70-23.png,True,True,800,600,800,600,True
dataB,F70-3.png,True,True,800,600,800,600,True
dataB,F70-32.png,True,True,800,600,800,600,True
dataB,F70-33.png,True,True,800,600,800,600,True
dataB,F70-42.png,True,True,800,600,800,600,True
dataB,F70-43.png,True,True,800,600,800,600,True
dataB,F70-52.png,True,True,800,600,800,600,True
dataB,F70-53.png,True,True,800,600,800,600,True
dataB,F70-62.png,True,True,800,600,800,600,True
dataB,F70-63.png,True,True,800,600,800,600,True
dataB,F70-72.png,True,True,800,600,800,600,True
dataB,F70-73.png,True,True,800,600,800,600,True
dataB,F70-82.png,True,True,800,600,800,600,True
dataB,F70-83.png,True,True,800,600,800,600,True
dataB,F70-92.png,True,True,800,600,800,600,True
dataB,F70-93.png,True,True,800,600,800,600,True
dataB,F8-12.png,True,True,800,600,800,600,True
dataB,F8-13.png,True,True,800,600,800,600,True
dataB,F8-2.png,True,True,800,600,800,600,True
dataB,F8-22.png,True,True,800,600,800,600,True
dataB,F8-23.png,True,True,800,600,800,600,True
dataB,F8-3.png,True,True,800,600,800,600,True
dataB,F8-32.png,True,True,800,600,800,600,True
dataB,F8-33.png,True,True,800,600,800,600,True
dataB,F8-42.png,True,True,800,600,800,600,True
dataB,F8-43.png,True,True,800,600,800,600,True
dataB,F8-52.png,True,True,800,600,800,600,True
dataB,F8-53.png,True,True,800,600,800,600,True
dataB,F8-62.png,True,True,800,600,800,600,True
dataB,F8-63.png,True,True,800,600,800,600,True
dataB,F8-72.png,True,True,800,600,800,600,True
dataB,F8-73.png,True,True,800,600,800,600,True
dataB,F8-82.png,True,True,800,600,800,600,True
dataB,F8-83.png,True,True,800,600,800,600,True
dataB,F8-92.png,True,True,800,600,800,600,True
dataB,F8-93.png,True,True,800,600,800,600,True
dataB,F9-12.png,True,True,800,600,800,600,True
dataB,F9-13.png,True,True,800,600,800,600,True
dataB,F9-2.png,True,True,800,600,800,600,True
dataB,F9-22.png,True,True,800,600,800,600,True
dataB,F9-23.png,True,True,800,600,800,600,True
dataB,F9-3.png,True,True,800,600,800,600,True
dataB,F9-32.png,True,True,800,600,800,600,True
dataB,F9-33.png,True,True,800,600,800,600,True
dataB,F9-42.png,True,True,800,600,800,600,True
dataB,F9-43.png,True,True,800,600,800,600,True
dataB,F9-52.png,True,True,800,600,800,600,True
dataB,F9-53.png,True,True,800,600,800,600,True
dataB,F9-62.png,True,True,800,600,800,600,True
dataB,F9-63.png,True,True,800,600,800,600,True
dataB,F9-72.png,True,True,800,600,800,600,True
dataB,F9-73.png,True,True,800,600,800,600,True
dataB,F9-82.png,True,True,800,600,800,600,True
dataB,F9-83.png,True,True,800,600,800,600,True
dataB,F9-92.png,True,True,800,600,800,600,True
dataB,F9-93.png,True,True,800,600,800,600,True
dataC,02_00_004.png,True,True,800,600,800,600,True
dataC,02_00_005.png,True,True,800,600,800,600,True
dataC,02_00_014.png,True,True,800,600,800,600,True
dataC,02_00_015.png,True,True,800,600,800,600,True
dataC,02_00_024.png,True,True,800,600,800,600,True
dataC,02_00_025.png,True,True,800,600,800,600,True
dataC,02_00_034.png,True,True,800,600,800,600,True
dataC,02_00_035.png,True,True,800,600,800,600,True
dataC,02_00_044.png,True,True,800,600,800,600,True
dataC,02_00_045.png,True,True,800,600,800,600,True
dataC,02_00_054.png,True,True,800,600,800,600,True
dataC,02_00_055.png,True,True,800,600,800,600,True
dataC,02_00_064.png,True,True,800,600,800,600,True
dataC,02_00_065.png,True,True,800,600,800,600,True
dataC,02_00_074.png,True,True,800,600,800,600,True
dataC,02_00_075.png,True,True,800,600,800,600,True
dataC,02_00_084.png,True,True,800,600,800,600,True
dataC,02_00_085.png,True,True,800,600,800,600,True
dataC,02_00_094.png,True,True,800,600,800,600,True
dataC,02_00_095.png,True,True,800,600,800,600,True
dataC,02_00_104.png,True,True,800,600,800,600,True
dataC,02_00_105.png,True,True,800,600,800,600,True
dataC,02_00_114.png,True,True,800,600,800,600,True
dataC,02_00_115.png,True,True,800,600,800,600,True
dataC,02_00_124.png,True,True,800,600,800,600,True
dataC,02_00_125.png,True,True,800,600,800,600,True
dataC,02_00_134.png,True,True,800,600,800,600,True
dataC,02_00_135.png,True,True,800,600,800,600,True
dataC,02_00_144.png,True,True,800,600,800,600,True
dataC,02_00_145.png,True,True,800,600,800,600,True
dataC,02_00_154.png,True,True,800,600,800,600,True
dataC,02_00_155.png,True,True,800,600,800,600,True
dataC,02_00_164.png,True,True,800,600,800,600,True
dataC,02_00_165.png,True,True,800,600,800,600,True
dataC,02_00_174.png,True,True,800,600,800,600,True
dataC,02_00_175.png,True,True,800,600,800,600,True
dataC,02_00_184.png,True,True,800,600,800,600,True
dataC,02_00_185.png,True,True,800,600,800,600,True
dataC,02_00_194.png,True,True,800,600,800,600,True
dataC,02_00_195.png,True,True,800,600,800,600,True
dataC,02_00_204.png,True,True,800,600,800,600,True
dataC,02_00_205.png,True,True,800,600,800,600,True
dataC,02_00_214.png,True,True,800,600,800,600,True
dataC,02_00_215.png,True,True,800,600,800,600,True
dataC,02_00_224.png,True,True,800,600,800,600,True
dataC,02_00_225.png,True,True,800,600,800,600,True
dataC,02_00_234.png,True,True,800,600,800,600,True
dataC,02_00_235.png,True,True,800,600,800,600,True
dataC,02_00_244.png,True,True,800,600,800,600,True
dataC,02_00_245.png,True,True,800,600,800,600,True
dataC,02_01_004.png,True,True,800,600,800,600,True
dataC,02_01_005.png,True,True,800,600,800,600,True
dataC,02_01_014.png,True,True,800,600,800,600,True
dataC,02_01_015.png,True,True,800,600,800,600,True
dataC,02_01_024.png,True,True,800,600,800,600,True
dataC,02_01_025.png,True,True,800,600,800,600,True
dataC,02_01_034.png,True,True,800,600,800,600,True
dataC,02_01_035.png,True,True,800,600,800,600,True
dataC,02_01_044.png,True,True,800,600,800,600,True
dataC,02_01_045.png,True,True,800,600,800,600,True
dataC,02_01_054.png,True,True,800,600,800,600,True
dataC,02_01_055.png,True,True,800,600,800,600,True
dataC,02_01_064.png,True,True,800,600,800,600,True
dataC,02_01_065.png,True,True,800,600,800,600,True
dataC,02_01_074.png,True,True,800,600,800,600,True
dataC,02_01_075.png,True,True,800,600,800,600,True
dataC,02_01_084.png,True,True,800,600,800,600,True
dataC,02_01_085.png,True,True,800,600,800,600,True
dataC,02_01_094.png,True,True,800,600,800,600,True
dataC,02_01_095.png,True,True,800,600,800,600,True
dataC,02_01_104.png,True,True,800,600,800,600,True
dataC,02_01_105.png,True,True,800,600,800,600,True
dataC,02_01_114.png,True,True,800,600,800,600,True
dataC,02_01_115.png,True,True,800,600,800,600,True
dataC,02_01_124.png,True,True,800,600,800,600,True
dataC,02_01_125.png,True,True,800,600,800,600,True
dataC,02_01_134.png,True,True,800,600,800,600,True
dataC,02_01_135.png,True,True,800,600,800,600,True
dataC,02_01_144.png,True,True,800,600,800,600,True
dataC,02_01_145.png,True,True,800,600,800,600,True
dataC,02_01_154.png,True,True,800,600,800,600,True
dataC,02_01_155.png,True,True,800,600,800,600,True
dataC,02_01_164.png,True,True,800,600,800,600,True
dataC,02_01_165.png,True,True,800,600,800,600,True
dataC,02_01_174.png,True,True,800,600,800,600,True
dataC,02_01_175.png,True,True,800,600,800,600,True
dataC,02_01_184.png,True,True,800,600,800,600,True
dataC,02_01_185.png,True,True,800,600,800,600,True
dataC,02_01_194.png,True,True,800,600,800,600,True
dataC,02_01_195.png,True,True,800,600,800,600,True
dataC,02_01_204.png,True,True,800,600,800,600,True
dataC,02_01_205.png,True,True,800,600,800,600,True
dataC,02_01_214.png,True,True,800,600,800,600,True
dataC,02_01_215.png,True,True,800,600,800,600,True
dataC,02_01_224.png,True,True,800,600,800,600,True
dataC,02_01_225.png,True,True,800,600,800,600,True
dataC,02_01_234.png,True,True,800,600,800,600,True
dataC,02_01_235.png,True,True,800,600,800,600,True
dataC,02_01_244.png,True,True,800,600,800,600,True
dataC,02_01_245.png,True,True,800,600,800,600,True
dataC,02_02_004.png,True,True,800,600,800,600,True
dataC,02_02_005.png,True,True,800,600,800,600,True
dataC,02_02_014.png,True,True,800,600,800,600,True
dataC,02_02_015.png,True,True,800,600,800,600,True
dataC,02_02_024.png,True,True,800,600,800,600,True
dataC,02_02_025.png,True,True,800,600,800,600,True
dataC,02_02_034.png,True,True,800,600,800,600,True
dataC,02_02_035.png,True,True,800,600,800,600,True
dataC,02_02_044.png,True,True,800,600,800,600,True
dataC,02_02_045.png,True,True,800,600,800,600,True
dataC,02_02_054.png,True,True,800,600,800,600,True
dataC,02_02_055.png,True,True,800,600,800,600,True
dataC,02_02_064.png,True,True,800,600,800,600,True
dataC,02_02_065.png,True,True,800,600,800,600,True
dataC,02_02_074.png,True,True,800,600,800,600,True
dataC,02_02_075.png,True,True,800,600,800,600,True
dataC,02_02_084.png,True,True,800,600,800,600,True
dataC,02_02_085.png,True,True,800,600,800,600,True
dataC,02_02_094.png,True,True,800,600,800,600,True
dataC,02_02_095.png,True,True,800,600,800,600,True
dataC,02_02_104.png,True,True,800,600,800,600,True
dataC,02_02_105.png,True,True,800,600,800,600,True
dataC,02_02_114.png,True,True,800,600,800,600,True
dataC,02_02_115.png,True,True,800,600,800,600,True
dataC,02_02_124.png,True,True,800,600,800,600,True
dataC,02_02_125.png,True,True,800,600,800,600,True
dataC,02_02_134.png,True,True,800,600,800,600,True
dataC,02_02_135.png,True,True,800,600,800,600,True
dataC,02_02_144.png,True,True,800,600,800,600,True
dataC,02_02_145.png,True,True,800,600,800,600,True
dataC,02_02_154.png,True,True,800,600,800,600,True
dataC,02_02_155.png,True,True,800,600,800,600,True
dataC,02_02_164.png,True,True,800,600,800,600,True
dataC,02_02_165.png,True,True,800,600,800,600,True
dataC,02_02_174.png,True,True,800,600,800,600,True
dataC,02_02_175.png,True,True,800,600,800,600,True
dataC,02_02_184.png,True,True,800,600,800,600,True
dataC,02_02_185.png,True,True,800,600,800,600,True
dataC,02_02_194.png,True,True,800,600,800,600,True
dataC,02_02_195.png,True,True,800,600,800,600,True
dataC,02_02_204.png,True,True,800,600,800,600,True
dataC,02_02_205.png,True,True,800,600,800,600,True
dataC,02_02_214.png,True,True,800,600,800,600,True
dataC,02_02_215.png,True,True,800,600,800,600,True
dataC,02_02_224.png,True,True,800,600,800,600,True
dataC,02_02_225.png,True,True,800,600,800,600,True
dataC,02_02_234.png,True,True,800,600,800,600,True
dataC,02_02_235.png,True,True,800,600,800,600,True
dataC,02_02_244.png,True,True,800,600,800,600,True
dataC,02_02_245.png,True,True,800,600,800,600,True
dataC,03_00_004.png,True,True,800,600,800,600,True
dataC,03_00_005.png,True,True,800,600,800,600,True
dataC,03_00_014.png,True,True,800,600,800,600,True
dataC,03_00_015.png,True,True,800,600,800,600,True
dataC,03_00_024.png,True,True,800,600,800,600,True
dataC,03_00_025.png,True,True,800,600,800,600,True
dataC,03_00_034.png,True,True,800,600,800,600,True
dataC,03_00_035.png,True,True,800,600,800,600,True
dataC,03_00_044.png,True,True,800,600,800,600,True
dataC,03_00_045.png,True,True,800,600,800,600,True
dataC,03_00_054.png,True,True,800,600,800,600,True
dataC,03_00_055.png,True,True,800,600,800,600,True
dataC,03_00_064.png,True,True,800,600,800,600,True
dataC,03_00_065.png,True,True,800,600,800,600,True
dataC,03_00_074.png,True,True,800,600,800,600,True
dataC,03_00_075.png,True,True,800,600,800,600,True
dataC,03_00_084.png,True,True,800,600,800,600,True
dataC,03_00_085.png,True,True,800,600,800,600,True
dataC,03_00_094.png,True,True,800,600,800,600,True
dataC,03_00_095.png,True,True,800,600,800,600,True
dataC,03_00_104.png,True,True,800,600,800,600,True
dataC,03_00_105.png,True,True,800,600,800,600,True
dataC,03_00_114.png,True,True,800,600,800,600,True
dataC,03_00_115.png,True,True,800,600,800,600,True
dataC,03_00_124.png,True,True,800,600,800,600,True
dataC,03_00_125.png,True,True,800,600,800,600,True
dataC,03_00_134.png,True,True,800,600,800,600,True
dataC,03_00_135.png,True,True,800,600,800,600,True
dataC,03_00_144.png,True,True,800,600,800,600,True
dataC,03_00_145.png,True,True,800,600,800,600,True
dataC,03_00_154.png,True,True,800,600,800,600,True
dataC,03_00_155.png,True,True,800,600,800,600,True
dataC,03_00_164.png,True,True,800,600,800,600,True
dataC,03_00_165.png,True,True,800,600,800,600,True
dataC,03_00_174.png,True,True,800,600,800,600,True
dataC,03_00_175.png,True,True,800,600,800,600,True
dataC,03_00_184.png,True,True,800,600,800,600,True
dataC,03_00_185.png,True,True,800,600,800,600,True
dataC,03_00_194.png,True,True,800,600,800,600,True
dataC,03_00_195.png,True,True,800,600,800,600,True
dataC,03_00_204.png,True,True,800,600,800,600,True
dataC,03_00_205.png,True,True,800,600,800,600,True
dataC,03_00_214.png,True,True,800,600,800,600,True
dataC,03_00_215.png,True,True,800,600,800,600,True
dataC,03_00_224.png,True,True,800,600,800,600,True
dataC,03_00_225.png,True,True,800,600,800,600,True
dataC,03_00_234.png,True,True,800,600,800,600,True
dataC,03_00_235.png,True,True,800,600,800,600,True
dataC,03_00_244.png,True,True,800,600,800,600,True
dataC,03_00_245.png,True,True,800,600,800,600,True
dataC,03_01_004.png,True,True,800,600,800,600,True
dataC,03_01_005.png,True,True,800,600,800,600,True
dataC,03_01_014.png,True,True,800,600,800,600,True
dataC,03_01_015.png,True,True,800,600,800,600,True
dataC,03_01_024.png,True,True,800,600,800,600,True
dataC,03_01_025.png,True,True,800,600,800,600,True
dataC,03_01_034.png,True,True,800,600,800,600,True
dataC,03_01_035.png,True,True,800,600,800,600,True
dataC,03_01_044.png,True,True,800,600,800,600,True
dataC,03_01_045.png,True,True,800,600,800,600,True
dataC,03_01_054.png,True,True,800,600,800,600,True
dataC,03_01_055.png,True,True,800,600,800,600,True
dataC,03_01_064.png,True,True,800,600,800,600,True
dataC,03_01_065.png,True,True,800,600,800,600,True
dataC,03_01_074.png,True,True,800,600,800,600,True
dataC,03_01_075.png,True,True,800,600,800,600,True
dataC,03_01_084.png,True,True,800,600,800,600,True
dataC,03_01_085.png,True,True,800,600,800,600,True
dataC,03_01_094.png,True,True,800,600,800,600,True
dataC,03_01_095.png,True,True,800,600,800,600,True
dataC,03_01_104.png,True,True,800,600,800,600,True
dataC,03_01_105.png,True,True,800,600,800,600,True
dataC,03_01_114.png,True,True,800,600,800,600,True
dataC,03_01_115.png,True,True,800,600,800,600,True
dataC,03_01_124.png,True,True,800,600,800,600,True
dataC,03_01_125.png,True,True,800,600,800,600,True
dataC,03_01_134.png,True,True,800,600,800,600,True
dataC,03_01_135.png,True,True,800,600,800,600,True
dataC,03_01_144.png,True,True,800,600,800,600,True
dataC,03_01_145.png,True,True,800,600,800,600,True
dataC,03_01_154.png,True,True,800,600,800,600,True
dataC,03_01_155.png,True,True,800,600,800,600,True
dataC,03_01_164.png,True,True,800,600,800,600,True
dataC,03_01_165.png,True,True,800,600,800,600,True
dataC,03_01_174.png,True,True,800,600,800,600,True
dataC,03_01_175.png,True,True,800,600,800,600,True
dataC,03_01_184.png,True,True,800,600,800,600,True
dataC,03_01_185.png,True,True,800,600,800,600,True
dataC,03_01_194.png,True,True,800,600,800,600,True
dataC,03_01_195.png,True,True,800,600,800,600,True
dataC,03_01_204.png,True,True,800,600,800,600,True
dataC,03_01_205.png,True,True,800,600,800,600,True
dataC,03_01_214.png,True,True,800,600,800,600,True
dataC,03_01_215.png,True,True,800,600,800,600,True
dataC,03_01_224.png,True,True,800,600,800,600,True
dataC,03_01_225.png,True,True,800,600,800,600,True
dataC,03_01_234.png,True,True,800,600,800,600,True
dataC,03_01_235.png,True,True,800,600,800,600,True
dataC,03_01_244.png,True,True,800,600,800,600,True
dataC,03_01_245.png,True,True,800,600,800,600,True
dataC,04_00_004.png,True,True,800,600,800,600,True
dataC,04_00_005.png,True,True,800,600,800,600,True
dataC,04_00_014.png,True,True,800,600,800,600,True
dataC,04_00_015.png,True,True,800,600,800,600,True
dataC,04_00_024.png,True,True,800,600,800,600,True
dataC,04_00_025.png,True,True,800,600,800,600,True
dataC,04_00_034.png,True,True,800,600,800,600,True
dataC,04_00_035.png,True,True,800,600,800,600,True
dataC,04_00_044.png,True,True,800,600,800,600,True
dataC,04_00_045.png,True,True,800,600,800,600,True
dataC,04_00_054.png,True,True,800,600,800,600,True
dataC,04_00_055.png,True,True,800,600,800,600,True
dataC,04_00_064.png,True,True,800,600,800,600,True
dataC,04_00_065.png,True,True,800,600,800,600,True
dataC,04_00_074.png,True,True,800,600,800,600,True
dataC,04_00_075.png,True,True,800,600,800,600,True
dataC,04_00_084.png,True,True,800,600,800,600,True
dataC,04_00_085.png,True,True,800,600,800,600,True
dataC,04_00_094.png,True,True,800,600,800,600,True
dataC,04_00_095.png,True,True,800,600,800,600,True
dataC,04_00_104.png,True,True,800,600,800,600,True
dataC,04_00_105.png,True,True,800,600,800,600,True
dataC,04_00_114.png,True,True,800,600,800,600,True
dataC,04_00_115.png,True,True,800,600,800,600,True
dataC,04_00_124.png,True,True,800,600,800,600,True
dataC,04_00_125.png,True,True,800,600,800,600,True
dataC,04_00_134.png,True,True,800,600,800,600,True
dataC,04_00_135.png,True,True,800,600,800,600,True
dataC,04_00_144.png,True,True,800,600,800,600,True
dataC,04_00_145.png,True,True,800,600,800,600,True
dataC,04_00_154.png,True,True,800,600,800,600,True
dataC,04_00_155.png,True,True,800,600,800,600,True
dataC,04_00_164.png,True,True,800,600,800,600,True
dataC,04_00_165.png,True,True,800,600,800,600,True
dataC,04_00_174.png,True,True,800,600,800,600,True
dataC,04_00_175.png,True,True,800,600,800,600,True
dataC,04_00_184.png,True,True,800,600,800,600,True
dataC,04_00_185.png,True,True,800,600,800,600,True
dataC,04_00_194.png,True,True,800,600,800,600,True
dataC,04_00_195.png,True,True,800,600,800,600,True
dataC,04_00_204.png,True,True,800,600,800,600,True
dataC,04_00_205.png,True,True,800,600,800,600,True
dataC,04_00_214.png,True,True,800,600,800,600,True
dataC,04_00_215.png,True,True,800,600,800,600,True
dataC,04_00_224.png,True,True,800,600,800,600,True
dataC,04_00_225.png,True,True,800,600,800,600,True
dataC,04_00_234.png,True,True,800,600,800,600,True
dataC,04_00_235.png,True,True,800,600,800,600,True
dataC,04_00_244.png,True,True,800,600,800,600,True
dataC,04_00_245.png,True,True,800,600,800,600,True
dataC,05_00_004.png,True,True,800,600,800,600,True
dataC,05_00_005.png,True,True,800,600,800,600,True
dataC,05_00_014.png,True,True,800,600,800,600,True
dataC,05_00_015.png,True,True,800,600,800,600,True
dataC,05_00_024.png,True,True,800,600,800,600,True
dataC,05_00_025.png,True,True,800,600,800,600,True
dataC,05_00_034.png,True,True,800,600,800,600,True
dataC,05_00_035.png,True,True,800,600,800,600,True
dataC,05_00_044.png,True,True,800,600,800,600,True
dataC,05_00_045.png,True,True,800,600,800,600,True
dataC,05_00_054.png,True,True,800,600,800,600,True
dataC,05_00_055.png,True,True,800,600,800,600,True
dataC,05_00_064.png,True,True,800,600,800,600,True
dataC,05_00_065.png,True,True,800,600,800,600,True
dataC,05_00_074.png,True,True,800,600,800,600,True
dataC,05_00_075.png,True,True,800,600,800,600,True
dataC,05_00_084.png,True,True,800,600,800,600,True
dataC,05_00_085.png,True,True,800,600,800,600,True
dataC,05_00_094.png,True,True,800,600,800,600,True
dataC,05_00_095.png,True,True,800,600,800,600,True
dataC,05_00_104.png,True,True,800,600,800,600,True
dataC,05_00_105.png,True,True,800,600,800,600,True
dataC,05_00_114.png,True,True,800,600,800,600,True
dataC,05_00_115.png,True,True,800,600,800,600,True
dataC,05_00_124.png,True,True,800,600,800,600,True
dataC,05_00_125.png,True,True,800,600,800,600,True
dataC,05_00_134.png,True,True,800,600,800,600,True
dataC,05_00_135.png,True,True,800,600,800,600,True
dataC,05_00_144.png,True,True,800,600,800,600,True
dataC,05_00_145.png,True,True,800,600,800,600,True
dataC,05_00_154.png,True,True,800,600,800,600,True
dataC,05_00_155.png,True,True,800,600,800,600,True
dataC,05_00_164.png,True,True,800,600,800,600,True
dataC,05_00_165.png,True,True,800,600,800,600,True
dataC,05_00_174.png,True,True,800,600,800,600,True
dataC,05_00_175.png,True,True,800,600,800,600,True
dataC,05_00_184.png,True,True,800,600,800,600,True
dataC,05_00_185.png,True,True,800,600,800,600,True
dataC,05_00_194.png,True,True,800,600,800,600,True
dataC,05_00_195.png,True,True,800,600,800,600,True
dataC,05_00_204.png,True,True,800,600,800,600,True
dataC,05_00_205.png,True,True,800,600,800,600,True
dataC,05_00_214.png,True,True,800,600,800,600,True
dataC,05_00_215.png,True,True,800,600,800,600,True
dataC,05_00_224.png,True,True,800,600,800,600,True
dataC,05_00_225.png,True,True,800,600,800,600,True
dataC,05_00_234.png,True,True,800,600,800,600,True
dataC,05_00_235.png,True,True,800,600,800,600,True
dataC,05_00_244.png,True,True,800,600,800,600,True
dataC,05_00_245.png,True,True,800,600,800,600,True
dataC,06_00_004.png,True,True,800,600,800,600,True
dataC,06_00_005.png,True,True,800,600,800,600,True
dataC,06_00_014.png,True,True,800,600,800,600,True
dataC,06_00_015.png,True,True,800,600,800,600,True
dataC,06_00_024.png,True,True,800,600,800,600,True
dataC,06_00_025.png,True,True,800,600,800,600,True
dataC,06_00_034.png,True,True,800,600,800,600,True
dataC,06_00_035.png,True,True,800,600,800,600,True
dataC,06_00_044.png,True,True,800,600,800,600,True
dataC,06_00_045.png,True,True,800,600,800,600,True
dataC,06_00_054.png,True,True,800,600,800,600,True
dataC,06_00_055.png,True,True,800,600,800,600,True
dataC,06_00_064.png,True,True,800,600,800,600,True
dataC,06_00_065.png,True,True,800,600,800,600,True
dataC,06_00_074.png,True,True,800,600,800,600,True
dataC,06_00_075.png,True,True,800,600,800,600,True
dataC,06_00_084.png,True,True,800,600,800,600,True
dataC,06_00_085.png,True,True,800,600,800,600,True
dataC,06_00_094.png,True,True,800,600,800,600,True
dataC,06_00_095.png,True,True,800,600,800,600,True
dataC,06_00_104.png,True,True,800,600,800,600,True
dataC,06_00_105.png,True,True,800,600,800,600,True
dataC,06_00_114.png,True,True,800,600,800,600,True
dataC,06_00_115.png,True,True,800,600,800,600,True
dataC,06_00_124.png,True,True,800,600,800,600,True
dataC,06_00_125.png,True,True,800,600,800,600,True
dataC,06_00_134.png,True,True,800,600,800,600,True
dataC,06_00_135.png,True,True,800,600,800,600,True
dataC,06_00_144.png,True,True,800,600,800,600,True
dataC,06_00_145.png,True,True,800,600,800,600,True
dataC,06_00_154.png,True,True,800,600,800,600,True
dataC,06_00_155.png,True,True,800,600,800,600,True
dataC,06_00_164.png,True,True,800,600,800,600,True
dataC,06_00_165.png,True,True,800,600,800,600,True
dataC,06_00_174.png,True,True,800,600,800,600,True
dataC,06_00_175.png,True,True,800,600,800,600,True
dataC,06_00_184.png,True,True,800,600,800,600,True
dataC,06_00_185.png,True,True,800,600,800,600,True
dataC,06_00_194.png,True,True,800,600,800,600,True
dataC,06_00_195.png,True,True,800,600,800,600,True
dataC,06_00_204.png,True,True,800,600,800,600,True
dataC,06_00_205.png,True,True,800,600,800,600,True
dataC,06_00_214.png,True,True,800,600,800,600,True
dataC,06_00_215.png,True,True,800,600,800,600,True
dataC,06_00_224.png,True,True,800,600,800,600,True
dataC,06_00_225.png,True,True,800,600,800,600,True
dataC,06_00_234.png,True,True,800,600,800,600,True
dataC,06_00_235.png,True,True,800,600,800,600,True
dataC,06_00_244.png,True,True,800,600,800,600,True
dataC,06_00_245.png,True,True,800,600,800,600,True
dataC,07_00_004.png,True,True,800,600,800,600,True
dataC,07_00_005.png,True,True,800,600,800,600,True
dataC,07_00_014.png,True,True,800,600,800,600,True
dataC,07_00_015.png,True,True,800,600,800,600,True
dataC,07_00_024.png,True,True,800,600,800,600,True
dataC,07_00_025.png,True,True,800,600,800,600,True
dataC,07_00_034.png,True,True,800,600,800,600,True
dataC,07_00_035.png,True,True,800,600,800,600,True
dataC,07_00_044.png,True,True,800,600,800,600,True
dataC,07_00_045.png,True,True,800,600,800,600,True
dataC,07_00_054.png,True,True,800,600,800,600,True
dataC,07_00_055.png,True,True,800,600,800,600,True
dataC,07_00_064.png,True,True,800,600,800,600,True
dataC,07_00_065.png,True,True,800,600,800,600,True
dataC,07_00_074.png,True,True,800,600,800,600,True
dataC,07_00_075.png,True,True,800,600,800,600,True
dataC,07_00_084.png,True,True,800,600,800,600,True
dataC,07_00_085.png,True,True,800,600,800,600,True
dataC,07_00_094.png,True,True,800,600,800,600,True
dataC,07_00_095.png,True,True,800,600,800,600,True
dataC,07_00_104.png,True,True,800,600,800,600,True
dataC,07_00_105.png,True,True,800,600,800,600,True
dataC,07_00_114.png,True,True,800,600,800,600,True
dataC,07_00_115.png,True,True,800,600,800,600,True
dataC,07_00_124.png,True,True,800,600,800,600,True
dataC,07_00_125.png,True,True,800,600,800,600,True
dataC,07_00_134.png,True,True,800,600,800,600,True
dataC,07_00_135.png,True,True,800,600,800,600,True
dataC,07_00_144.png,True,True,800,600,800,600,True
dataC,07_00_145.png,True,True,800,600,800,600,True
dataC,07_00_154.png,True,True,800,600,800,600,True
dataC,07_00_155.png,True,True,800,600,800,600,True
dataC,07_00_164.png,True,True,800,600,800,600,True
dataC,07_00_165.png,True,True,800,600,800,600,True
dataC,07_00_174.png,True,True,800,600,800,600,True
dataC,07_00_175.png,True,True,800,600,800,600,True
dataC,07_00_184.png,True,True,800,600,800,600,True
dataC,07_00_185.png,True,True,800,600,800,600,True
dataC,07_00_194.png,True,True,800,600,800,600,True
dataC,07_00_195.png,True,True,800,600,800,600,True
dataC,07_00_204.png,True,True,800,600,800,600,True
dataC,07_00_205.png,True,True,800,600,800,600,True
dataC,07_00_214.png,True,True,800,600,800,600,True
dataC,07_00_215.png,True,True,800,600,800,600,True
dataC,07_00_224.png,True,True,800,600,800,600,True
dataC,07_00_225.png,True,True,800,600,800,600,True
dataC,07_00_234.png,True,True,800,600,800,600,True
dataC,07_00_235.png,True,True,800,600,800,600,True
dataC,07_00_244.png,True,True,800,600,800,600,True
dataC,07_00_245.png,True,True,800,600,800,600,True
dataC,08_00_004.png,True,True,800,600,800,600,True
dataC,08_00_005.png,True,True,800,600,800,600,True
dataC,08_00_014.png,True,True,800,600,800,600,True
dataC,08_00_015.png,True,True,800,600,800,600,True
dataC,08_00_024.png,True,True,800,600,800,600,True
dataC,08_00_025.png,True,True,800,600,800,600,True
dataC,08_00_034.png,True,True,800,600,800,600,True
dataC,08_00_035.png,True,True,800,600,800,600,True
dataC,08_00_044.png,True,True,800,600,800,600,True
dataC,08_00_045.png,True,True,800,600,800,600,True
dataC,08_00_054.png,True,True,800,600,800,600,True
dataC,08_00_055.png,True,True,800,600,800,600,True
dataC,08_00_064.png,True,True,800,600,800,600,True
dataC,08_00_065.png,True,True,800,600,800,600,True
dataC,08_00_074.png,True,True,800,600,800,600,True
dataC,08_00_075.png,True,True,800,600,800,600,True
dataC,08_00_084.png,True,True,800,600,800,600,True
dataC,08_00_085.png,True,True,800,600,800,600,True
dataC,08_00_094.png,True,True,800,600,800,600,True
dataC,08_00_095.png,True,True,800,600,800,600,True
dataC,08_00_104.png,True,True,800,600,800,600,True
dataC,08_00_105.png,True,True,800,600,800,600,True
dataC,08_00_114.png,True,True,800,600,800,600,True
dataC,08_00_115.png,True,True,800,600,800,600,True
dataC,08_00_124.png,True,True,800,600,800,600,True
dataC,08_00_125.png,True,True,800,600,800,600,True
dataC,08_00_134.png,True,True,800,600,800,600,True
dataC,08_00_135.png,True,True,800,600,800,600,True
dataC,08_00_144.png,True,True,800,600,800,600,True
dataC,08_00_145.png,True,True,800,600,800,600,True
dataC,08_00_154.png,True,True,800,600,800,600,True
dataC,08_00_155.png,True,True,800,600,800,600,True
dataC,08_00_164.png,True,True,800,600,800,600,True
dataC,08_00_165.png,True,True,800,600,800,600,True
dataC,08_00_174.png,True,True,800,600,800,600,True
dataC,08_00_175.png,True,True,800,600,800,600,True
dataC,08_00_184.png,True,True,800,600,800,600,True
dataC,08_00_185.png,True,True,800,600,800,600,True
dataC,08_00_194.png,True,True,800,600,800,600,True
dataC,08_00_195.png,True,True,800,600,800,600,True
dataC,08_00_204.png,True,True,800,600,800,600,True
dataC,08_00_205.png,True,True,800,600,800,600,True
dataC,08_00_214.png,True,True,800,600,800,600,True
dataC,08_00_215.png,True,True,800,600,800,600,True
dataC,08_00_224.png,True,True,800,600,800,600,True
dataC,08_00_225.png,True,True,800,600,800,600,True
dataC,08_00_234.png,True,True,800,600,800,600,True
dataC,08_00_235.png,True,True,800,600,800,600,True
dataC,08_00_244.png,True,True,800,600,800,600,True
dataC,08_00_245.png,True,True,800,600,800,600,True
dataC,09_00_004.png,True,True,800,600,800,600,True
dataC,09_00_005.png,True,True,800,600,800,600,True
dataC,09_00_014.png,True,True,800,600,800,600,True
dataC,09_00_015.png,True,True,800,600,800,600,True
dataC,09_00_024.png,True,True,800,600,800,600,True
dataC,09_00_025.png,True,True,800,600,800,600,True
dataC,09_00_034.png,True,True,800,600,800,600,True
dataC,09_00_035.png,True,True,800,600,800,600,True
dataC,09_00_044.png,True,True,800,600,800,600,True
dataC,09_00_045.png,True,True,800,600,800,600,True
dataC,09_00_054.png,True,True,800,600,800,600,True
dataC,09_00_055.png,True,True,800,600,800,600,True
dataC,09_00_064.png,True,True,800,600,800,600,True
dataC,09_00_065.png,True,True,800,600,800,600,True
dataC,09_00_074.png,True,True,800,600,800,600,True
dataC,09_00_075.png,True,True,800,600,800,600,True
dataC,09_00_084.png,True,True,800,600,800,600,True
dataC,09_00_085.png,True,True,800,600,800,600,True
dataC,09_00_094.png,True,True,800,600,800,600,True
dataC,09_00_095.png,True,True,800,600,800,600,True
dataC,09_00_104.png,True,True,800,600,800,600,True
dataC,09_00_105.png,True,True,800,600,800,600,True
dataC,09_00_114.png,True,True,800,600,800,600,True
dataC,09_00_115.png,True,True,800,600,800,600,True
dataC,09_00_124.png,True,True,800,600,800,600,True
dataC,09_00_125.png,True,True,800,600,800,600,True
dataC,09_00_134.png,True,True,800,600,800,600,True
dataC,09_00_135.png,True,True,800,600,800,600,True
dataC,09_00_144.png,True,True,800,600,800,600,True
dataC,09_00_145.png,True,True,800,600,800,600,True
dataC,09_00_154.png,True,True,800,600,800,600,True
dataC,09_00_155.png,True,True,800,600,800,600,True
dataC,09_00_164.png,True,True,800,600,800,600,True
dataC,09_00_165.png,True,True,800,600,800,600,True
dataC,09_00_174.png,True,True,800,600,800,600,True
dataC,09_00_175.png,True,True,800,600,800,600,True
dataC,09_00_184.png,True,True,800,600,800,600,True
dataC,09_00_185.png,True,True,800,600,800,600,True
dataC,09_00_194.png,True,True,800,600,800,600,True
dataC,09_00_195.png,True,True,800,600,800,600,True
dataC,09_00_204.png,True,True,800,600,800,600,True
dataC,09_00_205.png,True,True,800,600,800,600,True
dataC,09_00_214.png,True,True,800,600,800,600,True
dataC,09_00_215.png,True,True,800,600,800,600,True
dataC,09_00_224.png,True,True,800,600,800,600,True
dataC,09_00_225.png,True,True,800,600,800,600,True
dataC,09_00_234.png,True,True,800,600,800,600,True
dataC,09_00_235.png,True,True,800,600,800,600,True
dataC,09_00_244.png,True,True,800,600,800,600,True
dataC,09_00_245.png,True,True,800,600,800,600,True
dataC,10_00_004.png,True,True,800,600,800,600,True
dataC,10_00_005.png,True,True,800,600,800,600,True
dataC,10_00_014.png,True,True,800,600,800,600,True
dataC,10_00_015.png,True,True,800,600,800,600,True
dataC,10_00_024.png,True,True,800,600,800,600,True
dataC,10_00_025.png,True,True,800,600,800,600,True
dataC,10_00_034.png,True,True,800,600,800,600,True
dataC,10_00_035.png,True,True,800,600,800,600,True
dataC,10_00_044.png,True,True,800,600,800,600,True
dataC,10_00_045.png,True,True,800,600,800,600,True
dataC,10_00_054.png,True,True,800,600,800,600,True
dataC,10_00_055.png,True,True,800,600,800,600,True
dataC,10_00_064.png,True,True,800,600,800,600,True
dataC,10_00_065.png,True,True,800,600,800,600,True
dataC,10_00_074.png,True,True,800,600,800,600,True
dataC,10_00_075.png,True,True,800,600,800,600,True
dataC,10_00_084.png,True,True,800,600,800,600,True
dataC,10_00_085.png,True,True,800,600,800,600,True
dataC,10_00_094.png,True,True,800,600,800,600,True
dataC,10_00_095.png,True,True,800,600,800,600,True
dataC,10_00_104.png,True,True,800,600,800,600,True
dataC,10_00_105.png,True,True,800,600,800,600,True
dataC,10_00_114.png,True,True,800,600,800,600,True
dataC,10_00_115.png,True,True,800,600,800,600,True
dataC,10_00_124.png,True,True,800,600,800,600,True
dataC,10_00_125.png,True,True,800,600,800,600,True
dataC,10_00_134.png,True,True,800,600,800,600,True
dataC,10_00_135.png,True,True,800,600,800,600,True
dataC,10_00_144.png,True,True,800,600,800,600,True
dataC,10_00_145.png,True,True,800,600,800,600,True
dataC,10_00_154.png,True,True,800,600,800,600,True
dataC,10_00_155.png,True,True,800,600,800,600,True
dataC,10_00_164.png,True,True,800,600,800,600,True
dataC,10_00_165.png,True,True,800,600,800,600,True
dataC,10_00_174.png,True,True,800,600,800,600,True
dataC,10_00_175.png,True,True,800,600,800,600,True
dataC,10_00_184.png,True,True,800,600,800,600,True
dataC,10_00_185.png,True,True,800,600,800,600,True
dataC,10_00_194.png,True,True,800,600,800,600,True
dataC,10_00_195.png,True,True,800,600,800,600,True
dataC,10_00_204.png,True,True,800,600,800,600,True
dataC,10_00_205.png,True,True,800,600,800,600,True
dataC,10_00_214.png,True,True,800,600,800,600,True
dataC,10_00_215.png,True,True,800,600,800,600,True
dataC,10_00_224.png,True,True,800,600,800,600,True
dataC,10_00_225.png,True,True,800,600,800,600,True
dataC,10_00_234.png,True,True,800,600,800,600,True
dataC,10_00_235.png,True,True,800,600,800,600,True
dataC,10_00_244.png,True,True,800,600,800,600,True
dataC,10_00_245.png,True,True,800,600,800,600,True
dataC,F1-14.png,True,True,800,600,800,600,True
dataC,F1-15.png,True,True,800,600,800,600,True
dataC,F1-24.png,True,True,800,600,800,600,True
dataC,F1-25.png,True,True,800,600,800,600,True
dataC,F1-34.png,True,True,800,600,800,600,True
dataC,F1-35.png,True,True,800,600,800,600,True
dataC,F1-4.png,True,True,800,600,800,600,True
dataC,F1-44.png,True,True,800,600,800,600,True
dataC,F1-45.png,True,True,800,600,800,600,True
dataC,F1-5.png,True,True,800,600,800,600,True
dataC,F1-54.png,True,True,800,600,800,600,True
dataC,F1-55.png,True,True,800,600,800,600,True
dataC,F1-64.png,True,True,800,600,800,600,True
dataC,F1-65.png,True,True,800,600,800,600,True
dataC,F1-74.png,True,True,800,600,800,600,True
dataC,F1-75.png,True,True,800,600,800,600,True
dataC,F1-84.png,True,True,800,600,800,600,True
dataC,F1-85.png,True,True,800,600,800,600,True
dataC,F1-94.png,True,True,800,600,800,600,True
dataC,F1-95.png,True,True,800,600,800,600,True
dataC,F10-14.png,True,True,800,600,800,600,True
dataC,F10-15.png,True,True,800,600,800,600,True
dataC,F10-24.png,True,True,800,600,800,600,True
dataC,F10-25.png,True,True,800,600,800,600,True
dataC,F10-34.png,True,True,800,600,800,600,True
dataC,F10-35.png,True,True,800,600,800,600,True
dataC,F10-4.png,True,True,800,600,800,600,True
dataC,F10-44.png,True,True,800,600,800,600,True
dataC,F10-45.png,True,True,800,600,800,600,True
dataC,F10-5.png,True,True,800,600,800,600,True
dataC,F10-54.png,True,True,800,600,800,600,True
dataC,F10-55.png,True,True,800,600,800,600,True
dataC,F10-64.png,True,True,800,600,800,600,True
dataC,F10-65.png,True,True,800,600,800,600,True
dataC,F10-74.png,True,True,800,600,800,600,True
dataC,F10-75.png,True,True,800,600,800,600,True
dataC,F10-84.png,True,True,800,600,800,600,True
dataC,F10-85.png,True,True,800,600,800,600,True
dataC,F10-94.png,True,True,800,600,800,600,True
dataC,F10-95.png,True,True,800,600,800,600,True
dataC,F2-14.png,True,True,800,600,800,600,True
dataC,F2-15.png,True,True,800,600,800,600,True
dataC,F2-24.png,True,True,800,600,800,600,True
dataC,F2-25.png,True,True,800,600,800,600,True
dataC,F2-34.png,True,True,800,600,800,600,True
dataC,F2-35.png,True,True,800,600,800,600,True
dataC,F2-4.png,True,True,800,600,800,600,True
dataC,F2-44.png,True,True,800,600,800,600,True
dataC,F2-45.png,True,True,800,600,800,600,True
dataC,F2-5.png,True,True,800,600,800,600,True
dataC,F2-54.png,True,True,800,600,800,600,True
dataC,F2-55.png,True,True,800,600,800,600,True
dataC,F2-64.png,True,True,800,600,800,600,True
dataC,F2-65.png,True,True,800,600,800,600,True
dataC,F2-74.png,True,True,800,600,800,600,True
dataC,F2-75.png,True,True,800,600,800,600,True
dataC,F2-84.png,True,True,800,600,800,600,True
dataC,F2-85.png,True,True,800,600,800,600,True
dataC,F2-94.png,True,True,800,600,800,600,True
dataC,F2-95.png,True,True,800,600,800,600,True
dataC,F3-14.png,True,True,800,600,800,600,True
dataC,F3-15.png,True,True,800,600,800,600,True
dataC,F3-24.png,True,True,800,600,800,600,True
dataC,F3-25.png,True,True,800,600,800,600,True
dataC,F3-34.png,True,True,800,600,800,600,True
dataC,F3-35.png,True,True,800,600,800,600,True
dataC,F3-4.png,True,True,800,600,800,600,True
dataC,F3-44.png,True,True,800,600,800,600,True
dataC,F3-45.png,True,True,800,600,800,600,True
dataC,F3-5.png,True,True,800,600,800,600,True
dataC,F3-54.png,True,True,800,600,800,600,True
dataC,F3-55.png,True,True,800,600,800,600,True
dataC,F3-64.png,True,True,800,600,800,600,True
dataC,F3-65.png,True,True,800,600,800,600,True
dataC,F3-74.png,True,True,800,600,800,600,True
dataC,F3-75.png,True,True,800,600,800,600,True
dataC,F3-84.png,True,True,800,600,800,600,True
dataC,F3-85.png,True,True,800,600,800,600,True
dataC,F3-94.png,True,True,800,600,800,600,True
dataC,F3-95.png,True,True,800,600,800,600,True
dataC,F4-14.png,True,True,800,600,800,600,True
dataC,F4-15.png,True,True,800,600,800,600,True
dataC,F4-24.png,True,True,800,600,800,600,True
dataC,F4-25.png,True,True,800,600,800,600,True
dataC,F4-34.png,True,True,800,600,800,600,True
dataC,F4-35.png,True,True,800,600,800,600,True
dataC,F4-4.png,True,True,800,600,800,600,True
dataC,F4-44.png,True,True,800,600,800,600,True
dataC,F4-45.png,True,True,800,600,800,600,True
dataC,F4-5.png,True,True,800,600,800,600,True
dataC,F4-54.png,True,True,800,600,800,600,True
dataC,F4-55.png,True,True,800,600,800,600,True
dataC,F4-64.png,True,True,800,600,800,600,True
dataC,F4-65.png,True,True,800,600,800,600,True
dataC,F4-74.png,True,True,800,600,800,600,True
dataC,F4-75.png,True,True,800,600,800,600,True
dataC,F4-84.png,True,True,800,600,800,600,True
dataC,F4-85.png,True,True,800,600,800,600,True
dataC,F4-94.png,True,True,800,600,800,600,True
dataC,F4-95.png,True,True,800,600,800,600,True
dataC,F5-14.png,True,True,800,600,800,600,True
dataC,F5-15.png,True,True,800,600,800,600,True
dataC,F5-24.png,True,True,800,600,800,600,True
dataC,F5-25.png,True,True,800,600,800,600,True
dataC,F5-34.png,True,True,800,600,800,600,True
dataC,F5-35.png,True,True,800,600,800,600,True
dataC,F5-4.png,True,True,800,600,800,600,True
dataC,F5-44.png,True,True,800,600,800,600,True
dataC,F5-45.png,True,True,800,600,800,600,True
dataC,F5-5.png,True,True,800,600,800,600,True
dataC,F5-54.png,True,True,800,600,800,600,True
dataC,F5-55.png,True,True,800,600,800,600,True
dataC,F5-64.png,True,True,800,600,800,600,True
dataC,F5-65.png,True,True,800,600,800,600,True
dataC,F5-74.png,True,True,800,600,800,600,True
dataC,F5-75.png,True,True,800,600,800,600,True
dataC,F5-84.png,True,True,800,600,800,600,True
dataC,F5-85.png,True,True,800,600,800,600,True
dataC,F5-94.png,True,True,800,600,800,600,True
dataC,F5-95.png,True,True,800,600,800,600,True
dataC,F6-14.png,True,True,800,600,800,600,True
dataC,F6-15.png,True,True,800,600,800,600,True
dataC,F6-24.png,True,True,800,600,800,600,True
dataC,F6-25.png,True,True,800,600,800,600,True
dataC,F6-34.png,True,True,800,600,800,600,True
dataC,F6-35.png,True,True,800,600,800,600,True
dataC,F6-4.png,True,True,800,600,800,600,True
dataC,F6-44.png,True,True,800,600,800,600,True
dataC,F6-45.png,True,True,800,600,800,600,True
dataC,F6-5.png,True,True,800,600,800,600,True
dataC,F6-54.png,True,True,800,600,800,600,True
dataC,F6-55.png,True,True,800,600,800,600,True
dataC,F6-64.png,True,True,800,600,800,600,True
dataC,F6-65.png,True,True,800,600,800,600,True
dataC,F6-74.png,True,True,800,600,800,600,True
dataC,F6-75.png,True,True,800,600,800,600,True
dataC,F6-84.png,True,True,800,600,800,600,True
dataC,F6-85.png,True,True,800,600,800,600,True
dataC,F6-94.png,True,True,800,600,800,600,True
dataC,F6-95.png,True,True,800,600,800,600,True
dataC,F61-14.png,True,True,800,600,800,600,True
dataC,F61-15.png,True,True,800,600,800,600,True
dataC,F61-24.png,True,True,800,600,800,600,True
dataC,F61-25.png,True,True,800,600,800,600,True
dataC,F61-34.png,True,True,800,600,800,600,True
dataC,F61-35.png,True,True,800,600,800,600,True
dataC,F61-4.png,True,True,800,600,800,600,True
dataC,F61-44.png,True,True,800,600,800,600,True
dataC,F61-45.png,True,True,800,600,800,600,True
dataC,F61-5.png,True,True,800,600,800,600,True
dataC,F61-54.png,True,True,800,600,800,600,True
dataC,F61-55.png,True,True,800,600,800,600,True
dataC,F61-64.png,True,True,800,600,800,600,True
dataC,F61-65.png,True,True,800,600,800,600,True
dataC,F61-74.png,True,True,800,600,800,600,True
dataC,F61-75.png,True,True,800,600,800,600,True
dataC,F61-84.png,True,True,800,600,800,600,True
dataC,F61-85.png,True,True,800,600,800,600,True
dataC,F61-94.png,True,True,800,600,800,600,True
dataC,F61-95.png,True,True,800,600,800,600,True
dataC,F62-14.png,True,True,800,600,800,600,True
dataC,F62-15.png,True,True,800,600,800,600,True
dataC,F62-24.png,True,True,800,600,800,600,True
dataC,F62-25.png,True,True,800,600,800,600,True
dataC,F62-34.png,True,True,800,600,800,600,True
dataC,F62-35.png,True,True,800,600,800,600,True
dataC,F62-4.png,True,True,800,600,800,600,True
dataC,F62-44.png,True,True,800,600,800,600,True
dataC,F62-45.png,True,True,800,600,800,600,True
dataC,F62-5.png,True,True,800,600,800,600,True
dataC,F62-54.png,True,True,800,600,800,600,True
dataC,F62-55.png,True,True,800,600,800,600,True
dataC,F62-64.png,True,True,800,600,800,600,True
dataC,F62-65.png,True,True,800,600,800,600,True
dataC,F62-74.png,True,True,800,600,800,600,True
dataC,F62-75.png,True,True,800,600,800,600,True
dataC,F62-84.png,True,True,800,600,800,600,True
dataC,F62-85.png,True,True,800,600,800,600,True
dataC,F62-94.png,True,True,800,600,800,600,True
dataC,F62-95.png,True,True,800,600,800,600,True
dataC,F63-14.png,True,True,800,600,800,600,True
dataC,F63-15.png,True,True,800,600,800,600,True
dataC,F63-24.png,True,True,800,600,800,600,True
dataC,F63-25.png,True,True,800,600,800,600,True
dataC,F63-34.png,True,True,800,600,800,600,True
dataC,F63-35.png,True,True,800,600,800,600,True
dataC,F63-4.png,True,True,800,600,800,600,True
dataC,F63-44.png,True,True,800,600,800,600,True
dataC,F63-45.png,True,True,800,600,800,600,True
dataC,F63-5.png,True,True,800,600,800,600,True
dataC,F63-54.png,True,True,800,600,800,600,True
dataC,F63-55.png,True,True,800,600,800,600,True
dataC,F63-64.png,True,True,800,600,800,600,True
dataC,F63-65.png,True,True,800,600,800,600,True
dataC,F63-74.png,True,True,800,600,800,600,True
dataC,F63-75.png,True,True,800,600,800,600,True
dataC,F63-84.png,True,True,800,600,800,600,True
dataC,F63-85.png,True,True,800,600,800,600,True
dataC,F63-94.png,True,True,800,600,800,600,True
dataC,F63-95.png,True,True,800,600,800,600,True
dataC,F64-14.png,True,True,800,600,800,600,True
dataC,F64-15.png,True,True,800,600,800,600,True
dataC,F64-24.png,True,True,800,600,800,600,True
dataC,F64-25.png,True,True,800,600,800,600,True
dataC,F64-34.png,True,True,800,600,800,600,True
dataC,F64-35.png,True,True,800,600,800,600,True
dataC,F64-4.png,True,True,800,600,800,600,True
dataC,F64-44.png,True,True,800,600,800,600,True
dataC,F64-45.png,True,True,800,600,800,600,True
dataC,F64-5.png,True,True,800,600,800,600,True
dataC,F64-54.png,True,True,800,600,800,600,True
dataC,F64-55.png,True,True,800,600,800,600,True
dataC,F64-64.png,True,True,800,600,800,600,True
dataC,F64-65.png,True,True,800,600,800,600,True
dataC,F64-74.png,True,True,800,600,800,600,True
dataC,F64-75.png,True,True,800,600,800,600,True
dataC,F64-84.png,True,True,800,600,800,600,True
dataC,F64-85.png,True,True,800,600,800,600,True
dataC,F64-94.png,True,True,800,600,800,600,True
dataC,F64-95.png,True,True,800,600,800,600,True
dataC,F65-14.png,True,True,800,600,800,600,True
dataC,F65-15.png,True,True,800,600,800,600,True
dataC,F65-24.png,True,True,800,600,800,600,True
dataC,F65-25.png,True,True,800,600,800,600,True
dataC,F65-34.png,True,True,800,600,800,600,True
dataC,F65-35.png,True,True,800,600,800,600,True
dataC,F65-4.png,True,True,800,600,800,600,True
dataC,F65-44.png,True,True,800,600,800,600,True
dataC,F65-45.png,True,True,800,600,800,600,True
dataC,F65-5.png,True,True,800,600,800,600,True
dataC,F65-54.png,True,True,800,600,800,600,True
dataC,F65-55.png,True,True,800,600,800,600,True
dataC,F65-64.png,True,True,800,600,800,600,True
dataC,F65-65.png,True,True,800,600,800,600,True
dataC,F65-74.png,True,True,800,600,800,600,True
dataC,F65-75.png,True,True,800,600,800,600,True
dataC,F65-84.png,True,True,800,600,800,600,True
dataC,F65-85.png,True,True,800,600,800,600,True
dataC,F65-94.png,True,True,800,600,800,600,True
dataC,F65-95.png,True,True,800,600,800,600,True
dataC,F66-14.png,True,True,800,600,800,600,True
dataC,F66-15.png,True,True,800,600,800,600,True
dataC,F66-24.png,True,True,800,600,800,600,True
dataC,F66-25.png,True,True,800,600,800,600,True
dataC,F66-34.png,True,True,800,600,800,600,True
dataC,F66-35.png,True,True,800,600,800,600,True
dataC,F66-4.png,True,True,800,600,800,600,True
dataC,F66-44.png,True,True,800,600,800,600,True
dataC,F66-45.png,True,True,800,600,800,600,True
dataC,F66-5.png,True,True,800,600,800,600,True
dataC,F66-54.png,True,True,800,600,800,600,True
dataC,F66-55.png,True,True,800,600,800,600,True
dataC,F66-64.png,True,True,800,600,800,600,True
dataC,F66-65.png,True,True,800,600,800,600,True
dataC,F66-74.png,True,True,800,600,800,600,True
dataC,F66-75.png,True,True,800,600,800,600,True
dataC,F66-84.png,True,True,800,600,800,600,True
dataC,F66-85.png,True,True,800,600,800,600,True
dataC,F66-94.png,True,True,800,600,800,600,True
dataC,F66-95.png,True,True,800,600,800,600,True
dataC,F67-14.png,True,True,800,600,800,600,True
dataC,F67-15.png,True,True,800,600,800,600,True
dataC,F67-24.png,True,True,800,600,800,600,True
dataC,F67-25.png,True,True,800,600,800,600,True
dataC,F67-34.png,True,True,800,600,800,600,True
dataC,F67-35.png,True,True,800,600,800,600,True
dataC,F67-4.png,True,True,800,600,800,600,True
dataC,F67-44.png,True,True,800,600,800,600,True
dataC,F67-45.png,True,True,800,600,800,600,True
dataC,F67-5.png,True,True,800,600,800,600,True
dataC,F67-54.png,True,True,800,600,800,600,True
dataC,F67-55.png,True,True,800,600,800,600,True
dataC,F67-64.png,True,True,800,600,800,600,True
dataC,F67-65.png,True,True,800,600,800,600,True
dataC,F67-74.png,True,True,800,600,800,600,True
dataC,F67-75.png,True,True,800,600,800,600,True
dataC,F67-84.png,True,True,800,600,800,600,True
dataC,F67-85.png,True,True,800,600,800,600,True
dataC,F67-94.png,True,True,800,600,800,600,True
dataC,F67-95.png,True,True,800,600,800,600,True
dataC,F68-14.png,True,True,800,600,800,600,True
dataC,F68-15.png,True,True,800,600,800,600,True
dataC,F68-24.png,True,True,800,600,800,600,True
dataC,F68-25.png,True,True,800,600,800,600,True
dataC,F68-34.png,True,True,800,600,800,600,True
dataC,F68-35.png,True,True,800,600,800,600,True
dataC,F68-4.png,True,True,800,600,800,600,True
dataC,F68-44.png,True,True,800,600,800,600,True
dataC,F68-45.png,True,True,800,600,800,600,True
dataC,F68-5.png,True,True,800,600,800,600,True
dataC,F68-54.png,True,True,800,600,800,600,True
dataC,F68-55.png,True,True,800,600,800,600,True
dataC,F68-64.png,True,True,800,600,800,600,True
dataC,F68-65.png,True,True,800,600,800,600,True
dataC,F68-74.png,True,True,800,600,800,600,True
dataC,F68-75.png,True,True,800,600,800,600,True
dataC,F68-84.png,True,True,800,600,800,600,True
dataC,F68-85.png,True,True,800,600,800,600,True
dataC,F68-94.png,True,True,800,600,800,600,True
dataC,F68-95.png,True,True,800,600,800,600,True
dataC,F69-14.png,True,True,800,600,800,600,True
dataC,F69-15.png,True,True,800,600,800,600,True
dataC,F69-24.png,True,True,800,600,800,600,True
dataC,F69-25.png,True,True,800,600,800,600,True
dataC,F69-34.png,True,True,800,600,800,600,True
dataC,F69-35.png,True,True,800,600,800,600,True
dataC,F69-4.png,True,True,800,600,800,600,True
dataC,F69-44.png,True,True,800,600,800,600,True
dataC,F69-45.png,True,True,800,600,800,600,True
dataC,F69-5.png,True,True,800,600,800,600,True
dataC,F69-54.png,True,True,800,600,800,600,True
dataC,F69-55.png,True,True,800,600,800,600,True
dataC,F69-64.png,True,True,800,600,800,600,True
dataC,F69-65.png,True,True,800,600,800,600,True
dataC,F69-74.png,True,True,800,600,800,600,True
dataC,F69-75.png,True,True,800,600,800,600,True
dataC,F69-84.png,True,True,800,600,800,600,True
dataC,F69-85.png,True,True,800,600,800,600,True
dataC,F69-94.png,True,True,800,600,800,600,True
dataC,F69-95.png,True,True,800,600,800,600,True
dataC,F7-14.png,True,True,800,600,800,600,True
dataC,F7-15.png,True,True,800,600,800,600,True
dataC,F7-24.png,True,True,800,600,800,600,True
dataC,F7-25.png,True,True,800,600,800,600,True
dataC,F7-34.png,True,True,800,600,800,600,True
dataC,F7-35.png,True,True,800,600,800,600,True
dataC,F7-4.png,True,True,800,600,800,600,True
dataC,F7-44.png,True,True,800,600,800,600,True
dataC,F7-45.png,True,True,800,600,800,600,True
dataC,F7-5.png,True,True,800,600,800,600,True
dataC,F7-54.png,True,True,800,600,800,600,True
dataC,F7-55.png,True,True,800,600,800,600,True
dataC,F7-64.png,True,True,800,600,800,600,True
dataC,F7-65.png,True,True,800,600,800,600,True
dataC,F7-74.png,True,True,800,600,800,600,True
dataC,F7-75.png,True,True,800,600,800,600,True
dataC,F7-84.png,True,True,800,600,800,600,True
dataC,F7-85.png,True,True,800,600,800,600,True
dataC,F7-94.png,True,True,800,600,800,600,True
dataC,F7-95.png,True,True,800,600,800,600,True
dataC,F70-14.png,True,True,800,600,800,600,True
dataC,F70-15.png,True,True,800,600,800,600,True
dataC,F70-24.png,True,True,800,600,800,600,True
dataC,F70-25.png,True,True,800,600,800,600,True
dataC,F70-34.png,True,True,800,600,800,600,True
dataC,F70-35.png,True,True,800,600,800,600,True
dataC,F70-4.png,True,True,800,600,800,600,True
dataC,F70-44.png,True,True,800,600,800,600,True
dataC,F70-45.png,True,True,800,600,800,600,True
dataC,F70-5.png,True,True,800,600,800,600,True
dataC,F70-54.png,True,True,800,600,800,600,True
dataC,F70-55.png,True,True,800,600,800,600,True
dataC,F70-64.png,True,True,800,600,800,600,True
dataC,F70-65.png,True,True,800,600,800,600,True
dataC,F70-74.png,True,True,800,600,800,600,True
dataC,F70-75.png,True,True,800,600,800,600,True
dataC,F70-84.png,True,True,800,600,800,600,True
dataC,F70-85.png,True,True,800,600,800,600,True
dataC,F70-94.png,True,True,800,600,800,600,True
dataC,F70-95.png,True,True,800,600,800,600,True
dataC,F8-14.png,True,True,800,600,800,600,True
dataC,F8-15.png,True,True,800,600,800,600,True
dataC,F8-24.png,True,True,800,600,800,600,True
dataC,F8-25.png,True,True,800,600,800,600,True
dataC,F8-34.png,True,True,800,600,800,600,True
dataC,F8-35.png,True,True,800,600,800,600,True
dataC,F8-4.png,True,True,800,600,800,600,True
dataC,F8-44.png,True,True,800,600,800,600,True
dataC,F8-45.png,True,True,800,600,800,600,True
dataC,F8-5.png,True,True,800,600,800,600,True
dataC,F8-54.png,True,True,800,600,800,600,True
dataC,F8-55.png,True,True,800,600,800,600,True
dataC,F8-64.png,True,True,800,600,800,600,True
dataC,F8-65.png,True,True,800,600,800,600,True
dataC,F8-74.png,True,True,800,600,800,600,True
dataC,F8-75.png,True,True,800,600,800,600,True
dataC,F8-84.png,True,True,800,600,800,600,True
dataC,F8-85.png,True,True,800,600,800,600,True
dataC,F8-94.png,True,True,800,600,800,600,True
dataC,F8-95.png,True,True,800,600,800,600,True
dataC,F9-14.png,True,True,800,600,800,600,True
dataC,F9-15.png,True,True,800,600,800,600,True
dataC,F9-24.png,True,True,800,600,800,600,True
dataC,F9-25.png,True,True,800,600,800,600,True
dataC,F9-34.png,True,True,800,600,800,600,True
dataC,F9-35.png,True,True,800,600,800,600,True
dataC,F9-4.png,True,True,800,600,800,600,True
dataC,F9-44.png,True,True,800,600,800,600,True
dataC,F9-45.png,True,True,800,600,800,600,True
dataC,F9-5.png,True,True,800,600,800,600,True
dataC,F9-54.png,True,True,800,600,800,600,True
dataC,F9-55.png,True,True,800,600,800,600,True
dataC,F9-64.png,True,True,800,600,800,600,True
dataC,F9-65.png,True,True,800,600,800,600,True
dataC,F9-74.png,True,True,800,600,800,600,True
dataC,F9-75.png,True,True,800,600,800,600,True
dataC,F9-84.png,True,True,800,600,800,600,True
dataC,F9-85.png,True,True,800,600,800,600,True
dataC,F9-94.png,True,True,800,600,800,600,True
dataC,F9-95.png,True,True,800,600,800,600,True
dataD,02_00_006.png,True,True,800,600,800,600,True
dataD,02_00_007.png,True,True,800,600,800,600,True
dataD,02_00_016.png,True,True,800,600,800,600,True
dataD,02_00_017.png,True,True,800,600,800,600,True
dataD,02_00_026.png,True,True,800,600,800,600,True
dataD,02_00_027.png,True,True,800,600,800,600,True
dataD,02_00_036.png,True,True,800,600,800,600,True
dataD,02_00_037.png,True,True,800,600,800,600,True
dataD,02_00_046.png,True,True,800,600,800,600,True
dataD,02_00_047.png,True,True,800,600,800,600,True
dataD,02_00_056.png,True,True,800,600,800,600,True
dataD,02_00_057.png,True,True,800,600,800,600,True
dataD,02_00_066.png,True,True,800,600,800,600,True
dataD,02_00_067.png,True,True,800,600,800,600,True
dataD,02_00_076.png,True,True,800,600,800,600,True
dataD,02_00_077.png,True,True,800,600,800,600,True
dataD,02_00_086.png,True,True,800,600,800,600,True
dataD,02_00_087.png,True,True,800,600,800,600,True
dataD,02_00_096.png,True,True,800,600,800,600,True
dataD,02_00_097.png,True,True,800,600,800,600,True
dataD,02_00_106.png,True,True,800,600,800,600,True
dataD,02_00_107.png,True,True,800,600,800,600,True
dataD,02_00_116.png,True,True,800,600,800,600,True
dataD,02_00_117.png,True,True,800,600,800,600,True
dataD,02_00_126.png,True,True,800,600,800,600,True
dataD,02_00_127.png,True,True,800,600,800,600,True
dataD,02_00_136.png,True,True,800,600,800,600,True
dataD,02_00_137.png,True,True,800,600,800,600,True
dataD,02_00_146.png,True,True,800,600,800,600,True
dataD,02_00_147.png,True,True,800,600,800,600,True
dataD,02_00_156.png,True,True,800,600,800,600,True
dataD,02_00_157.png,True,True,800,600,800,600,True
dataD,02_00_166.png,True,True,800,600,800,600,True
dataD,02_00_167.png,True,True,800,600,800,600,True
dataD,02_00_176.png,True,True,800,600,800,600,True
dataD,02_00_177.png,True,True,800,600,800,600,True
dataD,02_00_186.png,True,True,800,600,800,600,True
dataD,02_00_187.png,True,True,800,600,800,600,True
dataD,02_00_196.png,True,True,800,600,800,600,True
dataD,02_00_197.png,True,True,800,600,800,600,True
dataD,02_00_206.png,True,True,800,600,800,600,True
dataD,02_00_207.png,True,True,800,600,800,600,True
dataD,02_00_216.png,True,True,800,600,800,600,True
dataD,02_00_217.png,True,True,800,600,800,600,True
dataD,02_00_226.png,True,True,800,600,800,600,True
dataD,02_00_227.png,True,True,800,600,800,600,True
dataD,02_00_236.png,True,True,800,600,800,600,True
dataD,02_00_237.png,True,True,800,600,800,600,True
dataD,02_00_246.png,True,True,800,600,800,600,True
dataD,02_00_247.png,True,True,800,600,800,600,True
dataD,02_01_006.png,True,True,800,600,800,600,True
dataD,02_01_007.png,True,True,800,600,800,600,True
dataD,02_01_016.png,True,True,800,600,800,600,True
dataD,02_01_017.png,True,True,800,600,800,600,True
dataD,02_01_026.png,True,True,800,600,800,600,True
dataD,02_01_027.png,True,True,800,600,800,600,True
dataD,02_01_036.png,True,True,800,600,800,600,True
dataD,02_01_037.png,True,True,800,600,800,600,True
dataD,02_01_046.png,True,True,800,600,800,600,True
dataD,02_01_047.png,True,True,800,600,800,600,True
dataD,02_01_056.png,True,True,800,600,800,600,True
dataD,02_01_057.png,True,True,800,600,800,600,True
dataD,02_01_066.png,True,True,800,600,800,600,True
dataD,02_01_067.png,True,True,800,600,800,600,True
dataD,02_01_076.png,True,True,800,600,800,600,True
dataD,02_01_077.png,True,True,800,600,800,600,True
dataD,02_01_086.png,True,True,800,600,800,600,True
dataD,02_01_087.png,True,True,800,600,800,600,True
dataD,02_01_096.png,True,True,800,600,800,600,True
dataD,02_01_097.png,True,True,800,600,800,600,True
dataD,02_01_106.png,True,True,800,600,800,600,True
dataD,02_01_107.png,True,True,800,600,800,600,True
dataD,02_01_116.png,True,True,800,600,800,600,True
dataD,02_01_117.png,True,True,800,600,800,600,True
dataD,02_01_126.png,True,True,800,600,800,600,True
dataD,02_01_127.png,True,True,800,600,800,600,True
dataD,02_01_136.png,True,True,800,600,800,600,True
dataD,02_01_137.png,True,True,800,600,800,600,True
dataD,02_01_146.png,True,True,800,600,800,600,True
dataD,02_01_147.png,True,True,800,600,800,600,True
dataD,02_01_156.png,True,True,800,600,800,600,True
dataD,02_01_157.png,True,True,800,600,800,600,True
dataD,02_01_166.png,True,True,800,600,800,600,True
dataD,02_01_167.png,True,True,800,600,800,600,True
dataD,02_01_176.png,True,True,800,600,800,600,True
dataD,02_01_177.png,True,True,800,600,800,600,True
dataD,02_01_186.png,True,True,800,600,800,600,True
dataD,02_01_187.png,True,True,800,600,800,600,True
dataD,02_01_196.png,True,True,800,600,800,600,True
dataD,02_01_197.png,True,True,800,600,800,600,True
dataD,02_01_206.png,True,True,800,600,800,600,True
dataD,02_01_207.png,True,True,800,600,800,600,True
dataD,02_01_216.png,True,True,800,600,800,600,True
dataD,02_01_217.png,True,True,800,600,800,600,True
dataD,02_01_226.png,True,True,800,600,800,600,True
dataD,02_01_227.png,True,True,800,600,800,600,True
dataD,02_01_236.png,True,True,800,600,800,600,True
dataD,02_01_237.png,True,True,800,600,800,600,True
dataD,02_01_246.png,True,True,800,600,800,600,True
dataD,02_01_247.png,True,True,800,600,800,600,True
dataD,02_02_006.png,True,True,800,600,800,600,True
dataD,02_02_007.png,True,True,800,600,800,600,True
dataD,02_02_016.png,True,True,800,600,800,600,True
dataD,02_02_017.png,True,True,800,600,800,600,True
dataD,02_02_026.png,True,True,800,600,800,600,True
dataD,02_02_027.png,True,True,800,600,800,600,True
dataD,02_02_036.png,True,True,800,600,800,600,True
dataD,02_02_037.png,True,True,800,600,800,600,True
dataD,02_02_046.png,True,True,800,600,800,600,True
dataD,02_02_047.png,True,True,800,600,800,600,True
dataD,02_02_056.png,True,True,800,600,800,600,True
dataD,02_02_057.png,True,True,800,600,800,600,True
dataD,02_02_066.png,True,True,800,600,800,600,True
dataD,02_02_067.png,True,True,800,600,800,600,True
dataD,02_02_076.png,True,True,800,600,800,600,True
dataD,02_02_077.png,True,True,800,600,800,600,True
dataD,02_02_086.png,True,True,800,600,800,600,True
dataD,02_02_087.png,True,True,800,600,800,600,True
dataD,02_02_096.png,True,True,800,600,800,600,True
dataD,02_02_097.png,True,True,800,600,800,600,True
dataD,02_02_106.png,True,True,800,600,800,600,True
dataD,02_02_107.png,True,True,800,600,800,600,True
dataD,02_02_116.png,True,True,800,600,800,600,True
dataD,02_02_117.png,True,True,800,600,800,600,True
dataD,02_02_126.png,True,True,800,600,800,600,True
dataD,02_02_127.png,True,True,800,600,800,600,True
dataD,02_02_136.png,True,True,800,600,800,600,True
dataD,02_02_137.png,True,True,800,600,800,600,True
dataD,02_02_146.png,True,True,800,600,800,600,True
dataD,02_02_147.png,True,True,800,600,800,600,True
dataD,02_02_156.png,True,True,800,600,800,600,True
dataD,02_02_157.png,True,True,800,600,800,600,True
dataD,02_02_166.png,True,True,800,600,800,600,True
dataD,02_02_167.png,True,True,800,600,800,600,True
dataD,02_02_176.png,True,True,800,600,800,600,True
dataD,02_02_177.png,True,True,800,600,800,600,True
dataD,02_02_186.png,True,True,800,600,800,600,True
dataD,02_02_187.png,True,True,800,600,800,600,True
dataD,02_02_196.png,True,True,800,600,800,600,True
dataD,02_02_197.png,True,True,800,600,800,600,True
dataD,02_02_206.png,True,True,800,600,800,600,True
dataD,02_02_207.png,True,True,800,600,800,600,True
dataD,02_02_216.png,True,True,800,600,800,600,True
dataD,02_02_217.png,True,True,800,600,800,600,True
dataD,02_02_226.png,True,True,800,600,800,600,True
dataD,02_02_227.png,True,True,800,600,800,600,True
dataD,02_02_236.png,True,True,800,600,800,600,True
dataD,02_02_237.png,True,True,800,600,800,600,True
dataD,02_02_246.png,True,True,800,600,800,600,True
dataD,02_02_247.png,True,True,800,600,800,600,True
dataD,03_00_006.png,True,True,800,600,800,600,True
dataD,03_00_007.png,True,True,800,600,800,600,True
dataD,03_00_016.png,True,True,800,600,800,600,True
dataD,03_00_017.png,True,True,800,600,800,600,True
dataD,03_00_026.png,True,True,800,600,800,600,True
dataD,03_00_027.png,True,True,800,600,800,600,True
dataD,03_00_036.png,True,True,800,600,800,600,True
dataD,03_00_037.png,True,True,800,600,800,600,True
dataD,03_00_046.png,True,True,800,600,800,600,True
dataD,03_00_047.png,True,True,800,600,800,600,True
dataD,03_00_056.png,True,True,800,600,800,600,True
dataD,03_00_057.png,True,True,800,600,800,600,True
dataD,03_00_066.png,True,True,800,600,800,600,True
dataD,03_00_067.png,True,True,800,600,800,600,True
dataD,03_00_076.png,True,True,800,600,800,600,True
dataD,03_00_077.png,True,True,800,600,800,600,True
dataD,03_00_086.png,True,True,800,600,800,600,True
dataD,03_00_087.png,True,True,800,600,800,600,True
dataD,03_00_096.png,True,True,800,600,800,600,True
dataD,03_00_097.png,True,True,800,600,800,600,True
dataD,03_00_106.png,True,True,800,600,800,600,True
dataD,03_00_107.png,True,True,800,600,800,600,True
dataD,03_00_116.png,True,True,800,600,800,600,True
dataD,03_00_117.png,True,True,800,600,800,600,True
dataD,03_00_126.png,True,True,800,600,800,600,True
dataD,03_00_127.png,True,True,800,600,800,600,True
dataD,03_00_136.png,True,True,800,600,800,600,True
dataD,03_00_137.png,True,True,800,600,800,600,True
dataD,03_00_146.png,True,True,800,600,800,600,True
dataD,03_00_147.png,True,True,800,600,800,600,True
dataD,03_00_156.png,True,True,800,600,800,600,True
dataD,03_00_157.png,True,True,800,600,800,600,True
dataD,03_00_166.png,True,True,800,600,800,600,True
dataD,03_00_167.png,True,True,800,600,800,600,True
dataD,03_00_176.png,True,True,800,600,800,600,True
dataD,03_00_177.png,True,True,800,600,800,600,True
dataD,03_00_186.png,True,True,800,600,800,600,True
dataD,03_00_187.png,True,True,800,600,800,600,True
dataD,03_00_196.png,True,True,800,600,800,600,True
dataD,03_00_197.png,True,True,800,600,800,600,True
dataD,03_00_206.png,True,True,800,600,800,600,True
dataD,03_00_207.png,True,True,800,600,800,600,True
dataD,03_00_216.png,True,True,800,600,800,600,True
dataD,03_00_217.png,True,True,800,600,800,600,True
dataD,03_00_226.png,True,True,800,600,800,600,True
dataD,03_00_227.png,True,True,800,600,800,600,True
dataD,03_00_236.png,True,True,800,600,800,600,True
dataD,03_00_237.png,True,True,800,600,800,600,True
dataD,03_00_246.png,True,True,800,600,800,600,True
dataD,03_00_247.png,True,True,800,600,800,600,True
dataD,03_01_006.png,True,True,800,600,800,600,True
dataD,03_01_007.png,True,True,800,600,800,600,True
dataD,03_01_016.png,True,True,800,600,800,600,True
dataD,03_01_017.png,True,True,800,600,800,600,True
dataD,03_01_026.png,True,True,800,600,800,600,True
dataD,03_01_027.png,True,True,800,600,800,600,True
dataD,03_01_036.png,True,True,800,600,800,600,True
dataD,03_01_037.png,True,True,800,600,800,600,True
dataD,03_01_046.png,True,True,800,600,800,600,True
dataD,03_01_047.png,True,True,800,600,800,600,True
dataD,03_01_056.png,True,True,800,600,800,600,True
dataD,03_01_057.png,True,True,800,600,800,600,True
dataD,03_01_066.png,True,True,800,600,800,600,True
dataD,03_01_067.png,True,True,800,600,800,600,True
dataD,03_01_076.png,True,True,800,600,800,600,True
dataD,03_01_077.png,True,True,800,600,800,600,True
dataD,03_01_086.png,True,True,800,600,800,600,True
dataD,03_01_087.png,True,True,800,600,800,600,True
dataD,03_01_096.png,True,True,800,600,800,600,True
dataD,03_01_097.png,True,True,800,600,800,600,True
dataD,03_01_106.png,True,True,800,600,800,600,True
dataD,03_01_107.png,True,True,800,600,800,600,True
dataD,03_01_116.png,True,True,800,600,800,600,True
dataD,03_01_117.png,True,True,800,600,800,600,True
dataD,03_01_126.png,True,True,800,600,800,600,True
dataD,03_01_127.png,True,True,800,600,800,600,True
dataD,03_01_136.png,True,True,800,600,800,600,True
dataD,03_01_137.png,True,True,800,600,800,600,True
dataD,03_01_146.png,True,True,800,600,800,600,True
dataD,03_01_147.png,True,True,800,600,800,600,True
dataD,03_01_156.png,True,True,800,600,800,600,True
dataD,03_01_157.png,True,True,800,600,800,600,True
dataD,03_01_166.png,True,True,800,600,800,600,True
dataD,03_01_167.png,True,True,800,600,800,600,True
dataD,03_01_176.png,True,True,800,600,800,600,True
dataD,03_01_177.png,True,True,800,600,800,600,True
dataD,03_01_186.png,True,True,800,600,800,600,True
dataD,03_01_187.png,True,True,800,600,800,600,True
dataD,03_01_196.png,True,True,800,600,800,600,True
dataD,03_01_197.png,True,True,800,600,800,600,True
dataD,03_01_206.png,True,True,800,600,800,600,True
dataD,03_01_207.png,True,True,800,600,800,600,True
dataD,03_01_216.png,True,True,800,600,800,600,True
dataD,03_01_217.png,True,True,800,600,800,600,True
dataD,03_01_226.png,True,True,800,600,800,600,True
dataD,03_01_227.png,True,True,800,600,800,600,True
dataD,03_01_236.png,True,True,800,600,800,600,True
dataD,03_01_237.png,True,True,800,600,800,600,True
dataD,03_01_246.png,True,True,800,600,800,600,True
dataD,03_01_247.png,True,True,800,600,800,600,True
dataD,04_00_006.png,True,True,800,600,800,600,True
dataD,04_00_007.png,True,True,800,600,800,600,True
dataD,04_00_016.png,True,True,800,600,800,600,True
dataD,04_00_017.png,True,True,800,600,800,600,True
dataD,04_00_026.png,True,True,800,600,800,600,True
dataD,04_00_027.png,True,True,800,600,800,600,True
dataD,04_00_036.png,True,True,800,600,800,600,True
dataD,04_00_037.png,True,True,800,600,800,600,True
dataD,04_00_046.png,True,True,800,600,800,600,True
dataD,04_00_047.png,True,True,800,600,800,600,True
dataD,04_00_056.png,True,True,800,600,800,600,True
dataD,04_00_057.png,True,True,800,600,800,600,True
dataD,04_00_066.png,True,True,800,600,800,600,True
dataD,04_00_067.png,True,True,800,600,800,600,True
dataD,04_00_076.png,True,True,800,600,800,600,True
dataD,04_00_077.png,True,True,800,600,800,600,True
dataD,04_00_086.png,True,True,800,600,800,600,True
dataD,04_00_087.png,True,True,800,600,800,600,True
dataD,04_00_096.png,True,True,800,600,800,600,True
dataD,04_00_097.png,True,True,800,600,800,600,True
dataD,04_00_106.png,True,True,800,600,800,600,True
dataD,04_00_107.png,True,True,800,600,800,600,True
dataD,04_00_116.png,True,True,800,600,800,600,True
dataD,04_00_117.png,True,True,800,600,800,600,True
dataD,04_00_126.png,True,True,800,600,800,600,True
dataD,04_00_127.png,True,True,800,600,800,600,True
dataD,04_00_136.png,True,True,800,600,800,600,True
dataD,04_00_137.png,True,True,800,600,800,600,True
dataD,04_00_146.png,True,True,800,600,800,600,True
dataD,04_00_147.png,True,True,800,600,800,600,True
dataD,04_00_156.png,True,True,800,600,800,600,True
dataD,04_00_157.png,True,True,800,600,800,600,True
dataD,04_00_166.png,True,True,800,600,800,600,True
dataD,04_00_167.png,True,True,800,600,800,600,True
dataD,04_00_176.png,True,True,800,600,800,600,True
dataD,04_00_177.png,True,True,800,600,800,600,True
dataD,04_00_186.png,True,True,800,600,800,600,True
dataD,04_00_187.png,True,True,800,600,800,600,True
dataD,04_00_196.png,True,True,800,600,800,600,True
dataD,04_00_197.png,True,True,800,600,800,600,True
dataD,04_00_206.png,True,True,800,600,800,600,True
dataD,04_00_207.png,True,True,800,600,800,600,True
dataD,04_00_216.png,True,True,800,600,800,600,True
dataD,04_00_217.png,True,True,800,600,800,600,True
dataD,04_00_226.png,True,True,800,600,800,600,True
dataD,04_00_227.png,True,True,800,600,800,600,True
dataD,04_00_236.png,True,True,800,600,800,600,True
dataD,04_00_237.png,True,True,800,600,800,600,True
dataD,04_00_246.png,True,True,800,600,800,600,True
dataD,04_00_247.png,True,True,800,600,800,600,True
dataD,05_00_006.png,True,True,800,600,800,600,True
dataD,05_00_007.png,True,True,800,600,800,600,True
dataD,05_00_016.png,True,True,800,600,800,600,True
dataD,05_00_017.png,True,True,800,600,800,600,True
dataD,05_00_026.png,True,True,800,600,800,600,True
dataD,05_00_027.png,True,True,800,600,800,600,True
dataD,05_00_036.png,True,True,800,600,800,600,True
dataD,05_00_037.png,True,True,800,600,800,600,True
dataD,05_00_046.png,True,True,800,600,800,600,True
dataD,05_00_047.png,True,True,800,600,800,600,True
dataD,05_00_056.png,True,True,800,600,800,600,True
dataD,05_00_057.png,True,True,800,600,800,600,True
dataD,05_00_066.png,True,True,800,600,800,600,True
dataD,05_00_067.png,True,True,800,600,800,600,True
dataD,05_00_076.png,True,True,800,600,800,600,True
dataD,05_00_077.png,True,True,800,600,800,600,True
dataD,05_00_086.png,True,True,800,600,800,600,True
dataD,05_00_087.png,True,True,800,600,800,600,True
dataD,05_00_096.png,True,True,800,600,800,600,True
dataD,05_00_097.png,True,True,800,600,800,600,True
dataD,05_00_106.png,True,True,800,600,800,600,True
dataD,05_00_107.png,True,True,800,600,800,600,True
dataD,05_00_116.png,True,True,800,600,800,600,True
dataD,05_00_117.png,True,True,800,600,800,600,True
dataD,05_00_126.png,True,True,800,600,800,600,True
dataD,05_00_127.png,True,True,800,600,800,600,True
dataD,05_00_136.png,True,True,800,600,800,600,True
dataD,05_00_137.png,True,True,800,600,800,600,True
dataD,05_00_146.png,True,True,800,600,800,600,True
dataD,05_00_147.png,True,True,800,600,800,600,True
dataD,05_00_156.png,True,True,800,600,800,600,True
dataD,05_00_157.png,True,True,800,600,800,600,True
dataD,05_00_166.png,True,True,800,600,800,600,True
dataD,05_00_167.png,True,True,800,600,800,600,True
dataD,05_00_176.png,True,True,800,600,800,600,True
dataD,05_00_177.png,True,True,800,600,800,600,True
dataD,05_00_186.png,True,True,800,600,800,600,True
dataD,05_00_187.png,True,True,800,600,800,600,True
dataD,05_00_196.png,True,True,800,600,800,600,True
dataD,05_00_197.png,True,True,800,600,800,600,True
dataD,05_00_206.png,True,True,800,600,800,600,True
dataD,05_00_207.png,True,True,800,600,800,600,True
dataD,05_00_216.png,True,True,800,600,800,600,True
dataD,05_00_217.png,True,True,800,600,800,600,True
dataD,05_00_226.png,True,True,800,600,800,600,True
dataD,05_00_227.png,True,True,800,600,800,600,True
dataD,05_00_236.png,True,True,800,600,800,600,True
dataD,05_00_237.png,True,True,800,600,800,600,True
dataD,05_00_246.png,True,True,800,600,800,600,True
dataD,05_00_247.png,True,True,800,600,800,600,True
dataD,06_00_006.png,True,True,800,600,800,600,True
dataD,06_00_007.png,True,True,800,600,800,600,True
dataD,06_00_016.png,True,True,800,600,800,600,True
dataD,06_00_017.png,True,True,800,600,800,600,True
dataD,06_00_026.png,True,True,800,600,800,600,True
dataD,06_00_027.png,True,True,800,600,800,600,True
dataD,06_00_036.png,True,True,800,600,800,600,True
dataD,06_00_037.png,True,True,800,600,800,600,True
dataD,06_00_046.png,True,True,800,600,800,600,True
dataD,06_00_047.png,True,True,800,600,800,600,True
dataD,06_00_056.png,True,True,800,600,800,600,True
dataD,06_00_057.png,True,True,800,600,800,600,True
dataD,06_00_066.png,True,True,800,600,800,600,True
dataD,06_00_067.png,True,True,800,600,800,600,True
dataD,06_00_076.png,True,True,800,600,800,600,True
dataD,06_00_077.png,True,True,800,600,800,600,True
dataD,06_00_086.png,True,True,800,600,800,600,True
dataD,06_00_087.png,True,True,800,600,800,600,True
dataD,06_00_096.png,True,True,800,600,800,600,True
dataD,06_00_097.png,True,True,800,600,800,600,True
dataD,06_00_106.png,True,True,800,600,800,600,True
dataD,06_00_107.png,True,True,800,600,800,600,True
dataD,06_00_116.png,True,True,800,600,800,600,True
dataD,06_00_117.png,True,True,800,600,800,600,True
dataD,06_00_126.png,True,True,800,600,800,600,True
dataD,06_00_127.png,True,True,800,600,800,600,True
dataD,06_00_136.png,True,True,800,600,800,600,True
dataD,06_00_137.png,True,True,800,600,800,600,True
dataD,06_00_146.png,True,True,800,600,800,600,True
dataD,06_00_147.png,True,True,800,600,800,600,True
dataD,06_00_156.png,True,True,800,600,800,600,True
dataD,06_00_157.png,True,True,800,600,800,600,True
dataD,06_00_166.png,True,True,800,600,800,600,True
dataD,06_00_167.png,True,True,800,600,800,600,True
dataD,06_00_176.png,True,True,800,600,800,600,True
dataD,06_00_177.png,True,True,800,600,800,600,True
dataD,06_00_186.png,True,True,800,600,800,600,True
dataD,06_00_187.png,True,True,800,600,800,600,True
dataD,06_00_196.png,True,True,800,600,800,600,True
dataD,06_00_197.png,True,True,800,600,800,600,True
dataD,06_00_206.png,True,True,800,600,800,600,True
dataD,06_00_207.png,True,True,800,600,800,600,True
dataD,06_00_216.png,True,True,800,600,800,600,True
dataD,06_00_217.png,True,True,800,600,800,600,True
dataD,06_00_226.png,True,True,800,600,800,600,True
dataD,06_00_227.png,True,True,800,600,800,600,True
dataD,06_00_236.png,True,True,800,600,800,600,True
dataD,06_00_237.png,True,True,800,600,800,600,True
dataD,06_00_246.png,True,True,800,600,800,600,True
dataD,06_00_247.png,True,True,800,600,800,600,True
dataD,07_00_006.png,True,True,800,600,800,600,True
dataD,07_00_007.png,True,True,800,600,800,600,True
dataD,07_00_016.png,True,True,800,600,800,600,True
dataD,07_00_017.png,True,True,800,600,800,600,True
dataD,07_00_026.png,True,True,800,600,800,600,True
dataD,07_00_027.png,True,True,800,600,800,600,True
dataD,07_00_036.png,True,True,800,600,800,600,True
dataD,07_00_037.png,True,True,800,600,800,600,True
dataD,07_00_046.png,True,True,800,600,800,600,True
dataD,07_00_047.png,True,True,800,600,800,600,True
dataD,07_00_056.png,True,True,800,600,800,600,True
dataD,07_00_057.png,True,True,800,600,800,600,True
dataD,07_00_066.png,True,True,800,600,800,600,True
dataD,07_00_067.png,True,True,800,600,800,600,True
dataD,07_00_076.png,True,True,800,600,800,600,True
dataD,07_00_077.png,True,True,800,600,800,600,True
dataD,07_00_086.png,True,True,800,600,800,600,True
dataD,07_00_087.png,True,True,800,600,800,600,True
dataD,07_00_096.png,True,True,800,600,800,600,True
dataD,07_00_097.png,True,True,800,600,800,600,True
dataD,07_00_106.png,True,True,800,600,800,600,True
dataD,07_00_107.png,True,True,800,600,800,600,True
dataD,07_00_116.png,True,True,800,600,800,600,True
dataD,07_00_117.png,True,True,800,600,800,600,True
dataD,07_00_126.png,True,True,800,600,800,600,True
dataD,07_00_127.png,True,True,800,600,800,600,True
dataD,07_00_136.png,True,True,800,600,800,600,True
dataD,07_00_137.png,True,True,800,600,800,600,True
dataD,07_00_146.png,True,True,800,600,800,600,True
dataD,07_00_147.png,True,True,800,600,800,600,True
dataD,07_00_156.png,True,True,800,600,800,600,True
dataD,07_00_157.png,True,True,800,600,800,600,True
dataD,07_00_166.png,True,True,800,600,800,600,True
dataD,07_00_167.png,True,True,800,600,800,600,True
dataD,07_00_176.png,True,True,800,600,800,600,True
dataD,07_00_177.png,True,True,800,600,800,600,True
dataD,07_00_186.png,True,True,800,600,800,600,True
dataD,07_00_187.png,True,True,800,600,800,600,True
dataD,07_00_196.png,True,True,800,600,800,600,True
dataD,07_00_197.png,True,True,800,600,800,600,True
dataD,07_00_206.png,True,True,800,600,800,600,True
dataD,07_00_207.png,True,True,800,600,800,600,True
dataD,07_00_216.png,True,True,800,600,800,600,True
dataD,07_00_217.png,True,True,800,600,800,600,True
dataD,07_00_226.png,True,True,800,600,800,600,True
dataD,07_00_227.png,True,True,800,600,800,600,True
dataD,07_00_236.png,True,True,800,600,800,600,True
dataD,07_00_237.png,True,True,800,600,800,600,True
dataD,07_00_246.png,True,True,800,600,800,600,True
dataD,07_00_247.png,True,True,800,600,800,600,True
dataD,08_00_006.png,True,True,800,600,800,600,True
dataD,08_00_007.png,True,True,800,600,800,600,True
dataD,08_00_016.png,True,True,800,600,800,600,True
dataD,08_00_017.png,True,True,800,600,800,600,True
dataD,08_00_026.png,True,True,800,600,800,600,True
dataD,08_00_027.png,True,True,800,600,800,600,True
dataD,08_00_036.png,True,True,800,600,800,600,True
dataD,08_00_037.png,True,True,800,600,800,600,True
dataD,08_00_046.png,True,True,800,600,800,600,True
dataD,08_00_047.png,True,True,800,600,800,600,True
dataD,08_00_056.png,True,True,800,600,800,600,True
dataD,08_00_057.png,True,True,800,600,800,600,True
dataD,08_00_066.png,True,True,800,600,800,600,True
dataD,08_00_067.png,True,True,800,600,800,600,True
dataD,08_00_076.png,True,True,800,600,800,600,True
dataD,08_00_077.png,True,True,800,600,800,600,True
dataD,08_00_086.png,True,True,800,600,800,600,True
dataD,08_00_087.png,True,True,800,600,800,600,True
dataD,08_00_096.png,True,True,800,600,800,600,True
dataD,08_00_097.png,True,True,800,600,800,600,True
dataD,08_00_106.png,True,True,800,600,800,600,True
dataD,08_00_107.png,True,True,800,600,800,600,True
dataD,08_00_116.png,True,True,800,600,800,600,True
dataD,08_00_117.png,True,True,800,600,800,600,True
dataD,08_00_126.png,True,True,800,600,800,600,True
dataD,08_00_127.png,True,True,800,600,800,600,True
dataD,08_00_136.png,True,True,800,600,800,600,True
dataD,08_00_137.png,True,True,800,600,800,600,True
dataD,08_00_146.png,True,True,800,600,800,600,True
dataD,08_00_147.png,True,True,800,600,800,600,True
dataD,08_00_156.png,True,True,800,600,800,600,True
dataD,08_00_157.png,True,True,800,600,800,600,True
dataD,08_00_166.png,True,True,800,600,800,600,True
dataD,08_00_167.png,True,True,800,600,800,600,True
dataD,08_00_176.png,True,True,800,600,800,600,True
dataD,08_00_177.png,True,True,800,600,800,600,True
dataD,08_00_186.png,True,True,800,600,800,600,True
dataD,08_00_187.png,True,True,800,600,800,600,True
dataD,08_00_196.png,True,True,800,600,800,600,True
dataD,08_00_197.png,True,True,800,600,800,600,True
dataD,08_00_206.png,True,True,800,600,800,600,True
dataD,08_00_207.png,True,True,800,600,800,600,True
dataD,08_00_216.png,True,True,800,600,800,600,True
dataD,08_00_217.png,True,True,800,600,800,600,True
dataD,08_00_226.png,True,True,800,600,800,600,True
dataD,08_00_227.png,True,True,800,600,800,600,True
dataD,08_00_236.png,True,True,800,600,800,600,True
dataD,08_00_237.png,True,True,800,600,800,600,True
dataD,08_00_246.png,True,True,800,600,800,600,True
dataD,08_00_247.png,True,True,800,600,800,600,True
dataD,09_00_006.png,True,True,800,600,800,600,True
dataD,09_00_007.png,True,True,800,600,800,600,True
dataD,09_00_016.png,True,True,800,600,800,600,True
dataD,09_00_017.png,True,True,800,600,800,600,True
dataD,09_00_026.png,True,True,800,600,800,600,True
dataD,09_00_027.png,True,True,800,600,800,600,True
dataD,09_00_036.png,True,True,800,600,800,600,True
dataD,09_00_037.png,True,True,800,600,800,600,True
dataD,09_00_046.png,True,True,800,600,800,600,True
dataD,09_00_047.png,True,True,800,600,800,600,True
dataD,09_00_056.png,True,True,800,600,800,600,True
dataD,09_00_057.png,True,True,800,600,800,600,True
dataD,09_00_066.png,True,True,800,600,800,600,True
dataD,09_00_067.png,True,True,800,600,800,600,True
dataD,09_00_076.png,True,True,800,600,800,600,True
dataD,09_00_077.png,True,True,800,600,800,600,True
dataD,09_00_086.png,True,True,800,600,800,600,True
dataD,09_00_087.png,True,True,800,600,800,600,True
dataD,09_00_096.png,True,True,800,600,800,600,True
dataD,09_00_097.png,True,True,800,600,800,600,True
dataD,09_00_106.png,True,True,800,600,800,600,True
dataD,09_00_107.png,True,True,800,600,800,600,True
dataD,09_00_116.png,True,True,800,600,800,600,True
dataD,09_00_117.png,True,True,800,600,800,600,True
dataD,09_00_126.png,True,True,800,600,800,600,True
dataD,09_00_127.png,True,True,800,600,800,600,True
dataD,09_00_136.png,True,True,800,600,800,600,True
dataD,09_00_137.png,True,True,800,600,800,600,True
dataD,09_00_146.png,True,True,800,600,800,600,True
dataD,09_00_147.png,True,True,800,600,800,600,True
dataD,09_00_156.png,True,True,800,600,800,600,True
dataD,09_00_157.png,True,True,800,600,800,600,True
dataD,09_00_166.png,True,True,800,600,800,600,True
dataD,09_00_167.png,True,True,800,600,800,600,True
dataD,09_00_176.png,True,True,800,600,800,600,True
dataD,09_00_177.png,True,True,800,600,800,600,True
dataD,09_00_186.png,True,True,800,600,800,600,True
dataD,09_00_187.png,True,True,800,600,800,600,True
dataD,09_00_196.png,True,True,800,600,800,600,True
dataD,09_00_197.png,True,True,800,600,800,600,True
dataD,09_00_206.png,True,True,800,600,800,600,True
dataD,09_00_207.png,True,True,800,600,800,600,True
dataD,09_00_216.png,True,True,800,600,800,600,True
dataD,09_00_217.png,True,True,800,600,800,600,True
dataD,09_00_226.png,True,True,800,600,800,600,True
dataD,09_00_227.png,True,True,800,600,800,600,True
dataD,09_00_236.png,True,True,800,600,800,600,True
dataD,09_00_237.png,True,True,800,600,800,600,True
dataD,09_00_246.png,True,True,800,600,800,600,True
dataD,09_00_247.png,True,True,800,600,800,600,True
dataD,10_00_006.png,True,True,800,600,800,600,True
dataD,10_00_007.png,True,True,800,600,800,600,True
dataD,10_00_016.png,True,True,800,600,800,600,True
dataD,10_00_017.png,True,True,800,600,800,600,True
dataD,10_00_026.png,True,True,800,600,800,600,True
dataD,10_00_027.png,True,True,800,600,800,600,True
dataD,10_00_036.png,True,True,800,600,800,600,True
dataD,10_00_037.png,True,True,800,600,800,600,True
dataD,10_00_046.png,True,True,800,600,800,600,True
dataD,10_00_047.png,True,True,800,600,800,600,True
dataD,10_00_056.png,True,True,800,600,800,600,True
dataD,10_00_057.png,True,True,800,600,800,600,True
dataD,10_00_066.png,True,True,800,600,800,600,True
dataD,10_00_067.png,True,True,800,600,800,600,True
dataD,10_00_076.png,True,True,800,600,800,600,True
dataD,10_00_077.png,True,True,800,600,800,600,True
dataD,10_00_086.png,True,True,800,600,800,600,True
dataD,10_00_087.png,True,True,800,600,800,600,True
dataD,10_00_096.png,True,True,800,600,800,600,True
dataD,10_00_097.png,True,True,800,600,800,600,True
dataD,10_00_106.png,True,True,800,600,800,600,True
dataD,10_00_107.png,True,True,800,600,800,600,True
dataD,10_00_116.png,True,True,800,600,800,600,True
dataD,10_00_117.png,True,True,800,600,800,600,True
dataD,10_00_126.png,True,True,800,600,800,600,True
dataD,10_00_127.png,True,True,800,600,800,600,True
dataD,10_00_136.png,True,True,800,600,800,600,True
dataD,10_00_137.png,True,True,800,600,800,600,True
dataD,10_00_146.png,True,True,800,600,800,600,True
dataD,10_00_147.png,True,True,800,600,800,600,True
dataD,10_00_156.png,True,True,800,600,800,600,True
dataD,10_00_157.png,True,True,800,600,800,600,True
dataD,10_00_166.png,True,True,800,600,800,600,True
dataD,10_00_167.png,True,True,800,600,800,600,True
dataD,10_00_176.png,True,True,800,600,800,600,True
dataD,10_00_177.png,True,True,800,600,800,600,True
dataD,10_00_186.png,True,True,800,600,800,600,True
dataD,10_00_187.png,True,True,800,600,800,600,True
dataD,10_00_196.png,True,True,800,600,800,600,True
dataD,10_00_197.png,True,True,800,600,800,600,True
dataD,10_00_206.png,True,True,800,600,800,600,True
dataD,10_00_207.png,True,True,800,600,800,600,True
dataD,10_00_216.png,True,True,800,600,800,600,True
dataD,10_00_217.png,True,True,800,600,800,600,True
dataD,10_00_226.png,True,True,800,600,800,600,True
dataD,10_00_227.png,True,True,800,600,800,600,True
dataD,10_00_236.png,True,True,800,600,800,600,True
dataD,10_00_237.png,True,True,800,600,800,600,True
dataD,10_00_246.png,True,True,800,600,800,600,True
dataD,10_00_247.png,True,True,800,600,800,600,True
dataD,F1-16.png,True,True,800,600,800,600,True
dataD,F1-17.png,True,True,800,600,800,600,True
dataD,F1-26.png,True,True,800,600,800,600,True
dataD,F1-27.png,True,True,800,600,800,600,True
dataD,F1-36.png,True,True,800,600,800,600,True
dataD,F1-37.png,True,True,800,600,800,600,True
dataD,F1-46.png,True,True,800,600,800,600,True
dataD,F1-47.png,True,True,800,600,800,600,True
dataD,F1-56.png,True,True,800,600,800,600,True
dataD,F1-57.png,True,True,800,600,800,600,True
dataD,F1-6.png,True,True,800,600,800,600,True
dataD,F1-66.png,True,True,800,600,800,600,True
dataD,F1-67.png,True,True,800,600,800,600,True
dataD,F1-7.png,True,True,800,600,800,600,True
dataD,F1-76.png,True,True,800,600,800,600,True
dataD,F1-77.png,True,True,800,600,800,600,True
dataD,F1-86.png,True,True,800,600,800,600,True
dataD,F1-87.png,True,True,800,600,800,600,True
dataD,F1-96.png,True,True,800,600,800,600,True
dataD,F1-97.png,True,True,800,600,800,600,True
dataD,F10-16.png,True,True,800,600,800,600,True
dataD,F10-17.png,True,True,800,600,800,600,True
dataD,F10-26.png,True,True,800,600,800,600,True
dataD,F10-27.png,True,True,800,600,800,600,True
dataD,F10-36.png,True,True,800,600,800,600,True
dataD,F10-37.png,True,True,800,600,800,600,True
dataD,F10-46.png,True,True,800,600,800,600,True
dataD,F10-47.png,True,True,800,600,800,600,True
dataD,F10-56.png,True,True,800,600,800,600,True
dataD,F10-57.png,True,True,800,600,800,600,True
dataD,F10-6.png,True,True,800,600,800,600,True
dataD,F10-66.png,True,True,800,600,800,600,True
dataD,F10-67.png,True,True,800,600,800,600,True
dataD,F10-7.png,True,True,800,600,800,600,True
dataD,F10-76.png,True,True,800,600,800,600,True
dataD,F10-77.png,True,True,800,600,800,600,True
dataD,F10-86.png,True,True,800,600,800,600,True
dataD,F10-87.png,True,True,800,600,800,600,True
dataD,F10-96.png,True,True,800,600,800,600,True
dataD,F10-97.png,True,True,800,600,800,600,True
dataD,F2-16.png,True,True,800,600,800,600,True
dataD,F2-17.png,True,True,800,600,800,600,True
dataD,F2-26.png,True,True,800,600,800,600,True
dataD,F2-27.png,True,True,800,600,800,600,True
dataD,F2-36.png,True,True,800,600,800,600,True
dataD,F2-37.png,True,True,800,600,800,600,True
dataD,F2-46.png,True,True,800,600,800,600,True
dataD,F2-47.png,True,True,800,600,800,600,True
dataD,F2-56.png,True,True,800,600,800,600,True
dataD,F2-57.png,True,True,800,600,800,600,True
dataD,F2-6.png,True,True,800,600,800,600,True
dataD,F2-66.png,True,True,800,600,800,600,True
dataD,F2-67.png,True,True,800,600,800,600,True
dataD,F2-7.png,True,True,800,600,800,600,True
dataD,F2-76.png,True,True,800,600,800,600,True
dataD,F2-77.png,True,True,800,600,800,600,True
dataD,F2-86.png,True,True,800,600,800,600,True
dataD,F2-87.png,True,True,800,600,800,600,True
dataD,F2-96.png,True,True,800,600,800,600,True
dataD,F2-97.png,True,True,800,600,800,600,True
dataD,F3-16.png,True,True,800,600,800,600,True
dataD,F3-17.png,True,True,800,600,800,600,True
dataD,F3-26.png,True,True,800,600,800,600,True
dataD,F3-27.png,True,True,800,600,800,600,True
dataD,F3-36.png,True,True,800,600,800,600,True
dataD,F3-37.png,True,True,800,600,800,600,True
dataD,F3-46.png,True,True,800,600,800,600,True
dataD,F3-47.png,True,True,800,600,800,600,True
dataD,F3-56.png,True,True,800,600,800,600,True
dataD,F3-57.png,True,True,800,600,800,600,True
dataD,F3-6.png,True,True,800,600,800,600,True
dataD,F3-66.png,True,True,800,600,800,600,True
dataD,F3-67.png,True,True,800,600,800,600,True
dataD,F3-7.png,True,True,800,600,800,600,True
dataD,F3-76.png,True,True,800,600,800,600,True
dataD,F3-77.png,True,True,800,600,800,600,True
dataD,F3-86.png,True,True,800,600,800,600,True
dataD,F3-87.png,True,True,800,600,800,600,True
dataD,F3-96.png,True,True,800,600,800,600,True
dataD,F3-97.png,True,True,800,600,800,600,True
dataD,F4-16.png,True,True,800,600,800,600,True
dataD,F4-17.png,True,True,800,600,800,600,True
dataD,F4-26.png,True,True,800,600,800,600,True
dataD,F4-27.png,True,True,800,600,800,600,True
dataD,F4-36.png,True,True,800,600,800,600,True
dataD,F4-37.png,True,True,800,600,800,600,True
dataD,F4-46.png,True,True,800,600,800,600,True
dataD,F4-47.png,True,True,800,600,800,600,True
dataD,F4-56.png,True,True,800,600,800,600,True
dataD,F4-57.png,True,True,800,600,800,600,True
dataD,F4-6.png,True,True,800,600,800,600,True
dataD,F4-66.png,True,True,800,600,800,600,True
dataD,F4-67.png,True,True,800,600,800,600,True
dataD,F4-7.png,True,True,800,600,800,600,True
dataD,F4-76.png,True,True,800,600,800,600,True
dataD,F4-77.png,True,True,800,600,800,600,True
dataD,F4-86.png,True,True,800,600,800,600,True
dataD,F4-87.png,True,True,800,600,800,600,True
dataD,F4-96.png,True,True,800,600,800,600,True
dataD,F4-97.png,True,True,800,600,800,600,True
dataD,F5-16.png,True,True,800,600,800,600,True
dataD,F5-17.png,True,True,800,600,800,600,True
dataD,F5-26.png,True,True,800,600,800,600,True
dataD,F5-27.png,True,True,800,600,800,600,True
dataD,F5-36.png,True,True,800,600,800,600,True
dataD,F5-37.png,True,True,800,600,800,600,True
dataD,F5-46.png,True,True,800,600,800,600,True
dataD,F5-47.png,True,True,800,600,800,600,True
dataD,F5-56.png,True,True,800,600,800,600,True
dataD,F5-57.png,True,True,800,600,800,600,True
dataD,F5-6.png,True,True,800,600,800,600,True
dataD,F5-66.png,True,True,800,600,800,600,True
dataD,F5-67.png,True,True,800,600,800,600,True
dataD,F5-7.png,True,True,800,600,800,600,True
dataD,F5-76.png,True,True,800,600,800,600,True
dataD,F5-77.png,True,True,800,600,800,600,True
dataD,F5-86.png,True,True,800,600,800,600,True
dataD,F5-87.png,True,True,800,600,800,600,True
dataD,F5-96.png,True,True,800,600,800,600,True
dataD,F5-97.png,True,True,800,600,800,600,True
dataD,F6-16.png,True,True,800,600,800,600,True
dataD,F6-17.png,True,True,800,600,800,600,True
dataD,F6-26.png,True,True,800,600,800,600,True
dataD,F6-27.png,True,True,800,600,800,600,True
dataD,F6-36.png,True,True,800,600,800,600,True
dataD,F6-37.png,True,True,800,600,800,600,True
dataD,F6-46.png,True,True,800,600,800,600,True
dataD,F6-47.png,True,True,800,600,800,600,True
dataD,F6-56.png,True,True,800,600,800,600,True
dataD,F6-57.png,True,True,800,600,800,600,True
dataD,F6-6.png,True,True,800,600,800,600,True
dataD,F6-66.png,True,True,800,600,800,600,True
dataD,F6-67.png,True,True,800,600,800,600,True
dataD,F6-7.png,True,True,800,600,800,600,True
dataD,F6-76.png,True,True,800,600,800,600,True
dataD,F6-77.png,True,True,800,600,800,600,True
dataD,F6-86.png,True,True,800,600,800,600,True
dataD,F6-87.png,True,True,800,600,800,600,True
dataD,F6-96.png,True,True,800,600,800,600,True
dataD,F6-97.png,True,True,800,600,800,600,True
dataD,F61-16.png,True,True,800,600,800,600,True
dataD,F61-17.png,True,True,800,600,800,600,True
dataD,F61-26.png,True,True,800,600,800,600,True
dataD,F61-27.png,True,True,800,600,800,600,True
dataD,F61-36.png,True,True,800,600,800,600,True
dataD,F61-37.png,True,True,800,600,800,600,True
dataD,F61-46.png,True,True,800,600,800,600,True
dataD,F61-47.png,True,True,800,600,800,600,True
dataD,F61-56.png,True,True,800,600,800,600,True
dataD,F61-57.png,True,True,800,600,800,600,True
dataD,F61-6.png,True,True,800,600,800,600,True
dataD,F61-66.png,True,True,800,600,800,600,True
dataD,F61-67.png,True,True,800,600,800,600,True
dataD,F61-7.png,True,True,800,600,800,600,True
dataD,F61-76.png,True,True,800,600,800,600,True
dataD,F61-77.png,True,True,800,600,800,600,True
dataD,F61-86.png,True,True,800,600,800,600,True
dataD,F61-87.png,True,True,800,600,800,600,True
dataD,F61-96.png,True,True,800,600,800,600,True
dataD,F61-97.png,True,True,800,600,800,600,True
dataD,F62-16.png,True,True,800,600,800,600,True
dataD,F62-17.png,True,True,800,600,800,600,True
dataD,F62-26.png,True,True,800,600,800,600,True
dataD,F62-27.png,True,True,800,600,800,600,True
dataD,F62-36.png,True,True,800,600,800,600,True
dataD,F62-37.png,True,True,800,600,800,600,True
dataD,F62-46.png,True,True,800,600,800,600,True
dataD,F62-47.png,True,True,800,600,800,600,True
dataD,F62-56.png,True,True,800,600,800,600,True
dataD,F62-57.png,True,True,800,600,800,600,True
dataD,F62-6.png,True,True,800,600,800,600,True
dataD,F62-66.png,True,True,800,600,800,600,True
dataD,F62-67.png,True,True,800,600,800,600,True
dataD,F62-7.png,True,True,800,600,800,600,True
dataD,F62-76.png,True,True,800,600,800,600,True
dataD,F62-77.png,True,True,800,600,800,600,True
dataD,F62-86.png,True,True,800,600,800,600,True
dataD,F62-87.png,True,True,800,600,800,600,True
dataD,F62-96.png,True,True,800,600,800,600,True
dataD,F62-97.png,True,True,800,600,800,600,True
dataD,F63-16.png,True,True,800,600,800,600,True
dataD,F63-17.png,True,True,800,600,800,600,True
dataD,F63-26.png,True,True,800,600,800,600,True
dataD,F63-27.png,True,True,800,600,800,600,True
dataD,F63-36.png,True,True,800,600,800,600,True
dataD,F63-37.png,True,True,800,600,800,600,True
dataD,F63-46.png,True,True,800,600,800,600,True
dataD,F63-47.png,True,True,800,600,800,600,True
dataD,F63-56.png,True,True,800,600,800,600,True
dataD,F63-57.png,True,True,800,600,800,600,True
dataD,F63-6.png,True,True,800,600,800,600,True
dataD,F63-66.png,True,True,800,600,800,600,True
dataD,F63-67.png,True,True,800,600,800,600,True
dataD,F63-7.png,True,True,800,600,800,600,True
dataD,F63-76.png,True,True,800,600,800,600,True
dataD,F63-77.png,True,True,800,600,800,600,True
dataD,F63-86.png,True,True,800,600,800,600,True
dataD,F63-87.png,True,True,800,600,800,600,True
dataD,F63-96.png,True,True,800,600,800,600,True
dataD,F63-97.png,True,True,800,600,800,600,True
dataD,F64-16.png,True,True,800,600,800,600,True
dataD,F64-17.png,True,True,800,600,800,600,True
dataD,F64-26.png,True,True,800,600,800,600,True
dataD,F64-27.png,True,True,800,600,800,600,True
dataD,F64-36.png,True,True,800,600,800,600,True
dataD,F64-37.png,True,True,800,600,800,600,True
dataD,F64-46.png,True,True,800,600,800,600,True
dataD,F64-47.png,True,True,800,600,800,600,True
dataD,F64-56.png,True,True,800,600,800,600,True
dataD,F64-57.png,True,True,800,600,800,600,True
dataD,F64-6.png,True,True,800,600,800,600,True
dataD,F64-66.png,True,True,800,600,800,600,True
dataD,F64-67.png,True,True,800,600,800,600,True
dataD,F64-7.png,True,True,800,600,800,600,True
dataD,F64-76.png,True,True,800,600,800,600,True
dataD,F64-77.png,True,True,800,600,800,600,True
dataD,F64-86.png,True,True,800,600,800,600,True
dataD,F64-87.png,True,True,800,600,800,600,True
dataD,F64-96.png,True,True,800,600,800,600,True
dataD,F64-97.png,True,True,800,600,800,600,True
dataD,F65-16.png,True,True,800,600,800,600,True
dataD,F65-17.png,True,True,800,600,800,600,True
dataD,F65-26.png,True,True,800,600,800,600,True
dataD,F65-27.png,True,True,800,600,800,600,True
dataD,F65-36.png,True,True,800,600,800,600,True
dataD,F65-37.png,True,True,800,600,800,600,True
dataD,F65-46.png,True,True,800,600,800,600,True
dataD,F65-47.png,True,True,800,600,800,600,True
dataD,F65-56.png,True,True,800,600,800,600,True
dataD,F65-57.png,True,True,800,600,800,600,True
dataD,F65-6.png,True,True,800,600,800,600,True
dataD,F65-66.png,True,True,800,600,800,600,True
dataD,F65-67.png,True,True,800,600,800,600,True
dataD,F65-7.png,True,True,800,600,800,600,True
dataD,F65-76.png,True,True,800,600,800,600,True
dataD,F65-77.png,True,True,800,600,800,600,True
dataD,F65-86.png,True,True,800,600,800,600,True
dataD,F65-87.png,True,True,800,600,800,600,True
dataD,F65-96.png,True,True,800,600,800,600,True
dataD,F65-97.png,True,True,800,600,800,600,True
dataD,F66-16.png,True,True,800,600,800,600,True
dataD,F66-17.png,True,True,800,600,800,600,True
dataD,F66-26.png,True,True,800,600,800,600,True
dataD,F66-27.png,True,True,800,600,800,600,True
dataD,F66-36.png,True,True,800,600,800,600,True
dataD,F66-37.png,True,True,800,600,800,600,True
dataD,F66-46.png,True,True,800,600,800,600,True
dataD,F66-47.png,True,True,800,600,800,600,True
dataD,F66-56.png,True,True,800,600,800,600,True
dataD,F66-57.png,True,True,800,600,800,600,True
dataD,F66-6.png,True,True,800,600,800,600,True
dataD,F66-66.png,True,True,800,600,800,600,True
dataD,F66-67.png,True,True,800,600,800,600,True
dataD,F66-7.png,True,True,800,600,800,600,True
dataD,F66-76.png,True,True,800,600,800,600,True
dataD,F66-77.png,True,True,800,600,800,600,True
dataD,F66-86.png,True,True,800,600,800,600,True
dataD,F66-87.png,True,True,800,600,800,600,True
dataD,F66-96.png,True,True,800,600,800,600,True
dataD,F66-97.png,True,True,800,600,800,600,True
dataD,F67-16.png,True,True,800,600,800,600,True
dataD,F67-17.png,True,True,800,600,800,600,True
dataD,F67-26.png,True,True,800,600,800,600,True
dataD,F67-27.png,True,True,800,600,800,600,True
dataD,F67-36.png,True,True,800,600,800,600,True
dataD,F67-37.png,True,True,800,600,800,600,True
dataD,F67-46.png,True,True,800,600,800,600,True
dataD,F67-47.png,True,True,800,600,800,600,True
dataD,F67-56.png,True,True,800,600,800,600,True
dataD,F67-57.png,True,True,800,600,800,600,True
dataD,F67-6.png,True,True,800,600,800,600,True
dataD,F67-66.png,True,True,800,600,800,600,True
dataD,F67-67.png,True,True,800,600,800,600,True
dataD,F67-7.png,True,True,800,600,800,600,True
dataD,F67-76.png,True,True,800,600,800,600,True
dataD,F67-77.png,True,True,800,600,800,600,True
dataD,F67-86.png,True,True,800,600,800,600,True
dataD,F67-87.png,True,True,800,600,800,600,True
dataD,F67-96.png,True,True,800,600,800,600,True
dataD,F67-97.png,True,True,800,600,800,600,True
dataD,F68-16.png,True,True,800,600,800,600,True
dataD,F68-17.png,True,True,800,600,800,600,True
dataD,F68-26.png,True,True,800,600,800,600,True
dataD,F68-27.png,True,True,800,600,800,600,True
dataD,F68-36.png,True,True,800,600,800,600,True
dataD,F68-37.png,True,True,800,600,800,600,True
dataD,F68-46.png,True,True,800,600,800,600,True
dataD,F68-47.png,True,True,800,600,800,600,True
dataD,F68-56.png,True,True,800,600,800,600,True
dataD,F68-57.png,True,True,800,600,800,600,True
dataD,F68-6.png,True,True,800,600,800,600,True
dataD,F68-66.png,True,True,800,600,800,600,True
dataD,F68-67.png,True,True,800,600,800,600,True
dataD,F68-7.png,True,True,800,600,800,600,True
dataD,F68-76.png,True,True,800,600,800,600,True
dataD,F68-77.png,True,True,800,600,800,600,True
dataD,F68-86.png,True,True,800,600,800,600,True
dataD,F68-87.png,True,True,800,600,800,600,True
dataD,F68-96.png,True,True,800,600,800,600,True
dataD,F68-97.png,True,True,800,600,800,600,True
dataD,F69-16.png,True,True,800,600,800,600,True
dataD,F69-17.png,True,True,800,600,800,600,True
dataD,F69-26.png,True,True,800,600,800,600,True
dataD,F69-27.png,True,True,800,600,800,600,True
dataD,F69-36.png,True,True,800,600,800,600,True
dataD,F69-37.png,True,True,800,600,800,600,True
dataD,F69-46.png,True,True,800,600,800,600,True
dataD,F69-47.png,True,True,800,600,800,600,True
dataD,F69-56.png,True,True,800,600,800,600,True
dataD,F69-57.png,True,True,800,600,800,600,True
dataD,F69-6.png,True,True,800,600,800,600,True
dataD,F69-66.png,True,True,800,600,800,600,True
dataD,F69-67.png,True,True,800,600,800,600,True
dataD,F69-7.png,True,True,800,600,800,600,True
dataD,F69-76.png,True,True,800,600,800,600,True
dataD,F69-77.png,True,True,800,600,800,600,True
dataD,F69-86.png,True,True,800,600,800,600,True
dataD,F69-87.png,True,True,800,600,800,600,True
dataD,F69-96.png,True,True,800,600,800,600,True
dataD,F69-97.png,True,True,800,600,800,600,True
dataD,F7-16.png,True,True,800,600,800,600,True
dataD,F7-17.png,True,True,800,600,800,600,True
dataD,F7-26.png,True,True,800,600,800,600,True
dataD,F7-27.png,True,True,800,600,800,600,True
dataD,F7-36.png,True,True,800,600,800,600,True
dataD,F7-37.png,True,True,800,600,800,600,True
dataD,F7-46.png,True,True,800,600,800,600,True
dataD,F7-47.png,True,True,800,600,800,600,True
dataD,F7-56.png,True,True,800,600,800,600,True
dataD,F7-57.png,True,True,800,600,800,600,True
dataD,F7-6.png,True,True,800,600,800,600,True
dataD,F7-66.png,True,True,800,600,800,600,True
dataD,F7-67.png,True,True,800,600,800,600,True
dataD,F7-7.png,True,True,800,600,800,600,True
dataD,F7-76.png,True,True,800,600,800,600,True
dataD,F7-77.png,True,True,800,600,800,600,True
dataD,F7-86.png,True,True,800,600,800,600,True
dataD,F7-87.png,True,True,800,600,800,600,True
dataD,F7-96.png,True,True,800,600,800,600,True
dataD,F7-97.png,True,True,800,600,800,600,True
dataD,F70-16.png,True,True,800,600,800,600,True
dataD,F70-17.png,True,True,800,600,800,600,True
dataD,F70-26.png,True,True,800,600,800,600,True
dataD,F70-27.png,True,True,800,600,800,600,True
dataD,F70-36.png,True,True,800,600,800,600,True
dataD,F70-37.png,True,True,800,600,800,600,True
dataD,F70-46.png,True,True,800,600,800,600,True
dataD,F70-47.png,True,True,800,600,800,600,True
dataD,F70-56.png,True,True,800,600,800,600,True
dataD,F70-57.png,True,True,800,600,800,600,True
dataD,F70-6.png,True,True,800,600,800,600,True
dataD,F70-66.png,True,True,800,600,800,600,True
dataD,F70-67.png,True,True,800,600,800,600,True
dataD,F70-7.png,True,True,800,600,800,600,True
dataD,F70-76.png,True,True,800,600,800,600,True
dataD,F70-77.png,True,True,800,600,800,600,True
dataD,F70-86.png,True,True,800,600,800,600,True
dataD,F70-87.png,True,True,800,600,800,600,True
dataD,F70-96.png,True,True,800,600,800,600,True
dataD,F70-97.png,True,True,800,600,800,600,True
dataD,F8-16.png,True,True,800,600,800,600,True
dataD,F8-17.png,True,True,800,600,800,600,True
dataD,F8-26.png,True,True,800,600,800,600,True
dataD,F8-27.png,True,True,800,600,800,600,True
dataD,F8-36.png,True,True,800,600,800,600,True
dataD,F8-37.png,True,True,800,600,800,600,True
dataD,F8-46.png,True,True,800,600,800,600,True
dataD,F8-47.png,True,True,800,600,800,600,True
dataD,F8-56.png,True,True,800,600,800,600,True
dataD,F8-57.png,True,True,800,600,800,600,True
dataD,F8-6.png,True,True,800,600,800,600,True
dataD,F8-66.png,True,True,800,600,800,600,True
dataD,F8-67.png,True,True,800,600,800,600,True
dataD,F8-7.png,True,True,800,600,800,600,True
dataD,F8-76.png,True,True,800,600,800,600,True
dataD,F8-77.png,True,True,800,600,800,600,True
dataD,F8-86.png,True,True,800,600,800,600,True
dataD,F8-87.png,True,True,800,600,800,600,True
dataD,F8-96.png,True,True,800,600,800,600,True
dataD,F8-97.png,True,True,800,600,800,600,True
dataD,F9-16.png,True,True,800,600,800,600,True
dataD,F9-17.png,True,True,800,600,800,600,True
dataD,F9-26.png,True,True,800,600,800,600,True
dataD,F9-27.png,True,True,800,600,800,600,True
dataD,F9-36.png,True,True,800,600,800,600,True
dataD,F9-37.png,True,True,800,600,800,600,True
dataD,F9-46.png,True,True,800,600,800,600,True
dataD,F9-47.png,True,True,800,600,800,600,True
dataD,F9-56.png,True,True,800,600,800,600,True
dataD,F9-57.png,True,True,800,600,800,600,True
dataD,F9-6.png,True,True,800,600,800,600,True
dataD,F9-66.png,True,True,800,600,800,600,True
dataD,F9-67.png,True,True,800,600,800,600,True
dataD,F9-7.png,True,True,800,600,800,600,True
dataD,F9-76.png,True,True,800,600,800,600,True
dataD,F9-77.png,True,True,800,600,800,600,True
dataD,F9-86.png,True,True,800,600,800,600,True
dataD,F9-87.png,True,True,800,600,800,600,True
dataD,F9-96.png,True,True,800,600,800,600,True
dataD,F9-97.png,True,True,800,600,800,600,True
dataE,02_00_008.png,True,True,800,600,800,600,True
dataE,02_00_009.png,True,True,800,600,800,600,True
dataE,02_00_018.png,True,True,800,600,800,600,True
dataE,02_00_019.png,True,True,800,600,800,600,True
dataE,02_00_028.png,True,True,800,600,800,600,True
dataE,02_00_029.png,True,True,800,600,800,600,True
dataE,02_00_038.png,True,True,800,600,800,600,True
dataE,02_00_039.png,True,True,800,600,800,600,True
dataE,02_00_048.png,True,True,800,600,800,600,True
dataE,02_00_049.png,True,True,800,600,800,600,True
dataE,02_00_058.png,True,True,800,600,800,600,True
dataE,02_00_059.png,True,True,800,600,800,600,True
dataE,02_00_068.png,True,True,800,600,800,600,True
dataE,02_00_069.png,True,True,800,600,800,600,True
dataE,02_00_078.png,True,True,800,600,800,600,True
dataE,02_00_079.png,True,True,800,600,800,600,True
dataE,02_00_088.png,True,True,800,600,800,600,True
dataE,02_00_089.png,True,True,800,600,800,600,True
dataE,02_00_098.png,True,True,800,600,800,600,True
dataE,02_00_099.png,True,True,800,600,800,600,True
dataE,02_00_108.png,True,True,800,600,800,600,True
dataE,02_00_109.png,True,True,800,600,800,600,True
dataE,02_00_118.png,True,True,800,600,800,600,True
dataE,02_00_119.png,True,True,800,600,800,600,True
dataE,02_00_128.png,True,True,800,600,800,600,True
dataE,02_00_129.png,True,True,800,600,800,600,True
dataE,02_00_138.png,True,True,800,600,800,600,True
dataE,02_00_139.png,True,True,800,600,800,600,True
dataE,02_00_148.png,True,True,800,600,800,600,True
dataE,02_00_149.png,True,True,800,600,800,600,True
dataE,02_00_158.png,True,True,800,600,800,600,True
dataE,02_00_159.png,True,True,800,600,800,600,True
dataE,02_00_168.png,True,True,800,600,800,600,True
dataE,02_00_169.png,True,True,800,600,800,600,True
dataE,02_00_178.png,True,True,800,600,800,600,True
dataE,02_00_179.png,True,True,800,600,800,600,True
dataE,02_00_188.png,True,True,800,600,800,600,True
dataE,02_00_189.png,True,True,800,600,800,600,True
dataE,02_00_198.png,True,True,800,600,800,600,True
dataE,02_00_199.png,True,True,800,600,800,600,True
dataE,02_00_208.png,True,True,800,600,800,600,True
dataE,02_00_209.png,True,True,800,600,800,600,True
dataE,02_00_218.png,True,True,800,600,800,600,True
dataE,02_00_219.png,True,True,800,600,800,600,True
dataE,02_00_228.png,True,True,800,600,800,600,True
dataE,02_00_229.png,True,True,800,600,800,600,True
dataE,02_00_238.png,True,True,800,600,800,600,True
dataE,02_00_239.png,True,True,800,600,800,600,True
dataE,02_00_248.png,True,True,800,600,800,600,True
dataE,02_00_249.png,True,True,800,600,800,600,True
dataE,02_01_008.png,True,True,800,600,800,600,True
dataE,02_01_009.png,True,True,800,600,800,600,True
dataE,02_01_018.png,True,True,800,600,800,600,True
dataE,02_01_019.png,True,True,800,600,800,600,True
dataE,02_01_028.png,True,True,800,600,800,600,True
dataE,02_01_029.png,True,True,800,600,800,600,True
dataE,02_01_038.png,True,True,800,600,800,600,True
dataE,02_01_039.png,True,True,800,600,800,600,True
dataE,02_01_048.png,True,True,800,600,800,600,True
dataE,02_01_049.png,True,True,800,600,800,600,True
dataE,02_01_058.png,True,True,800,600,800,600,True
dataE,02_01_059.png,True,True,800,600,800,600,True
dataE,02_01_068.png,True,True,800,600,800,600,True
dataE,02_01_069.png,True,True,800,600,800,600,True
dataE,02_01_078.png,True,True,800,600,800,600,True
dataE,02_01_079.png,True,True,800,600,800,600,True
dataE,02_01_088.png,True,True,800,600,800,600,True
dataE,02_01_089.png,True,True,800,600,800,600,True
dataE,02_01_098.png,True,True,800,600,800,600,True
dataE,02_01_099.png,True,True,800,600,800,600,True
dataE,02_01_108.png,True,True,800,600,800,600,True
dataE,02_01_109.png,True,True,800,600,800,600,True
dataE,02_01_118.png,True,True,800,600,800,600,True
dataE,02_01_119.png,True,True,800,600,800,600,True
dataE,02_01_128.png,True,True,800,600,800,600,True
dataE,02_01_129.png,True,True,800,600,800,600,True
dataE,02_01_138.png,True,True,800,600,800,600,True
dataE,02_01_139.png,True,True,800,600,800,600,True
dataE,02_01_148.png,True,True,800,600,800,600,True
dataE,02_01_149.png,True,True,800,600,800,600,True
dataE,02_01_158.png,True,True,800,600,800,600,True
dataE,02_01_159.png,True,True,800,600,800,600,True
dataE,02_01_168.png,True,True,800,600,800,600,True
dataE,02_01_169.png,True,True,800,600,800,600,True
dataE,02_01_178.png,True,True,800,600,800,600,True
dataE,02_01_179.png,True,True,800,600,800,600,True
dataE,02_01_188.png,True,True,800,600,800,600,True
dataE,02_01_189.png,True,True,800,600,800,600,True
dataE,02_01_198.png,True,True,800,600,800,600,True
dataE,02_01_199.png,True,True,800,600,800,600,True
dataE,02_01_208.png,True,True,800,600,800,600,True
dataE,02_01_209.png,True,True,800,600,800,600,True
dataE,02_01_218.png,True,True,800,600,800,600,True
dataE,02_01_219.png,True,True,800,600,800,600,True
dataE,02_01_228.png,True,True,800,600,800,600,True
dataE,02_01_229.png,True,True,800,600,800,600,True
dataE,02_01_238.png,True,True,800,600,800,600,True
dataE,02_01_239.png,True,True,800,600,800,600,True
dataE,02_01_248.png,True,True,800,600,800,600,True
dataE,02_01_249.png,True,True,800,600,800,600,True
dataE,02_02_008.png,True,True,800,600,800,600,True
dataE,02_02_009.png,True,True,800,600,800,600,True
dataE,02_02_018.png,True,True,800,600,800,600,True
dataE,02_02_019.png,True,True,800,600,800,600,True
dataE,02_02_028.png,True,True,800,600,800,600,True
dataE,02_02_029.png,True,True,800,600,800,600,True
dataE,02_02_038.png,True,True,800,600,800,600,True
dataE,02_02_039.png,True,True,800,600,800,600,True
dataE,02_02_048.png,True,True,800,600,800,600,True
dataE,02_02_049.png,True,True,800,600,800,600,True
dataE,02_02_058.png,True,True,800,600,800,600,True
dataE,02_02_059.png,True,True,800,600,800,600,True
dataE,02_02_068.png,True,True,800,600,800,600,True
dataE,02_02_069.png,True,True,800,600,800,600,True
dataE,02_02_078.png,True,True,800,600,800,600,True
dataE,02_02_079.png,True,True,800,600,800,600,True
dataE,02_02_088.png,True,True,800,600,800,600,True
dataE,02_02_089.png,True,True,800,600,800,600,True
dataE,02_02_098.png,True,True,800,600,800,600,True
dataE,02_02_099.png,True,True,800,600,800,600,True
dataE,02_02_108.png,True,True,800,600,800,600,True
dataE,02_02_109.png,True,True,800,600,800,600,True
dataE,02_02_118.png,True,True,800,600,800,600,True
dataE,02_02_119.png,True,True,800,600,800,600,True
dataE,02_02_128.png,True,True,800,600,800,600,True
dataE,02_02_129.png,True,True,800,600,800,600,True
dataE,02_02_138.png,True,True,800,600,800,600,True
dataE,02_02_139.png,True,True,800,600,800,600,True
dataE,02_02_148.png,True,True,800,600,800,600,True
dataE,02_02_149.png,True,True,800,600,800,600,True
dataE,02_02_158.png,True,True,800,600,800,600,True
dataE,02_02_159.png,True,True,800,600,800,600,True
dataE,02_02_168.png,True,True,800,600,800,600,True
dataE,02_02_169.png,True,True,800,600,800,600,True
dataE,02_02_178.png,True,True,800,600,800,600,True
dataE,02_02_179.png,True,True,800,600,800,600,True
dataE,02_02_188.png,True,True,800,600,800,600,True
dataE,02_02_189.png,True,True,800,600,800,600,True
dataE,02_02_198.png,True,True,800,600,800,600,True
dataE,02_02_199.png,True,True,800,600,800,600,True
dataE,02_02_208.png,True,True,800,600,800,600,True
dataE,02_02_209.png,True,True,800,600,800,600,True
dataE,02_02_218.png,True,True,800,600,800,600,True
dataE,02_02_219.png,True,True,800,600,800,600,True
dataE,02_02_228.png,True,True,800,600,800,600,True
dataE,02_02_229.png,True,True,800,600,800,600,True
dataE,02_02_238.png,True,True,800,600,800,600,True
dataE,02_02_239.png,True,True,800,600,800,600,True
dataE,02_02_248.png,True,True,800,600,800,600,True
dataE,02_02_249.png,True,True,800,600,800,600,True
dataE,03_00_008.png,True,True,800,600,800,600,True
dataE,03_00_009.png,True,True,800,600,800,600,True
dataE,03_00_018.png,True,True,800,600,800,600,True
dataE,03_00_019.png,True,True,800,600,800,600,True
dataE,03_00_028.png,True,True,800,600,800,600,True
dataE,03_00_029.png,True,True,800,600,800,600,True
dataE,03_00_038.png,True,True,800,600,800,600,True
dataE,03_00_039.png,True,True,800,600,800,600,True
dataE,03_00_048.png,True,True,800,600,800,600,True
dataE,03_00_049.png,True,True,800,600,800,600,True
dataE,03_00_058.png,True,True,800,600,800,600,True
dataE,03_00_059.png,True,True,800,600,800,600,True
dataE,03_00_068.png,True,True,800,600,800,600,True
dataE,03_00_069.png,True,True,800,600,800,600,True
dataE,03_00_078.png,True,True,800,600,800,600,True
dataE,03_00_079.png,True,True,800,600,800,600,True
dataE,03_00_088.png,True,True,800,600,800,600,True
dataE,03_00_089.png,True,True,800,600,800,600,True
dataE,03_00_098.png,True,True,800,600,800,600,True
dataE,03_00_099.png,True,True,800,600,800,600,True
dataE,03_00_108.png,True,True,800,600,800,600,True
dataE,03_00_109.png,True,True,800,600,800,600,True
dataE,03_00_118.png,True,True,800,600,800,600,True
dataE,03_00_119.png,True,True,800,600,800,600,True
dataE,03_00_128.png,True,True,800,600,800,600,True
dataE,03_00_129.png,True,True,800,600,800,600,True
dataE,03_00_138.png,True,True,800,600,800,600,True
dataE,03_00_139.png,True,True,800,600,800,600,True
dataE,03_00_148.png,True,True,800,600,800,600,True
dataE,03_00_149.png,True,True,800,600,800,600,True
dataE,03_00_158.png,True,True,800,600,800,600,True
dataE,03_00_159.png,True,True,800,600,800,600,True
dataE,03_00_168.png,True,True,800,600,800,600,True
dataE,03_00_169.png,True,True,800,600,800,600,True
dataE,03_00_178.png,True,True,800,600,800,600,True
dataE,03_00_179.png,True,True,800,600,800,600,True
dataE,03_00_188.png,True,True,800,600,800,600,True
dataE,03_00_189.png,True,True,800,600,800,600,True
dataE,03_00_198.png,True,True,800,600,800,600,True
dataE,03_00_199.png,True,True,800,600,800,600,True
dataE,03_00_208.png,True,True,800,600,800,600,True
dataE,03_00_209.png,True,True,800,600,800,600,True
dataE,03_00_218.png,True,True,800,600,800,600,True
dataE,03_00_219.png,True,True,800,600,800,600,True
dataE,03_00_228.png,True,True,800,600,800,600,True
dataE,03_00_229.png,True,True,800,600,800,600,True
dataE,03_00_238.png,True,True,800,600,800,600,True
dataE,03_00_239.png,True,True,800,600,800,600,True
dataE,03_00_248.png,True,True,800,600,800,600,True
dataE,03_00_249.png,True,True,800,600,800,600,True
dataE,03_01_008.png,True,True,800,600,800,600,True
dataE,03_01_009.png,True,True,800,600,800,600,True
dataE,03_01_018.png,True,True,800,600,800,600,True
dataE,03_01_019.png,True,True,800,600,800,600,True
dataE,03_01_028.png,True,True,800,600,800,600,True
dataE,03_01_029.png,True,True,800,600,800,600,True
dataE,03_01_038.png,True,True,800,600,800,600,True
dataE,03_01_039.png,True,True,800,600,800,600,True
dataE,03_01_048.png,True,True,800,600,800,600,True
dataE,03_01_049.png,True,True,800,600,800,600,True
dataE,03_01_058.png,True,True,800,600,800,600,True
dataE,03_01_059.png,True,True,800,600,800,600,True
dataE,03_01_068.png,True,True,800,600,800,600,True
dataE,03_01_069.png,True,True,800,600,800,600,True
dataE,03_01_078.png,True,True,800,600,800,600,True
dataE,03_01_079.png,True,True,800,600,800,600,True
dataE,03_01_088.png,True,True,800,600,800,600,True
dataE,03_01_089.png,True,True,800,600,800,600,True
dataE,03_01_098.png,True,True,800,600,800,600,True
dataE,03_01_099.png,True,True,800,600,800,600,True
dataE,03_01_108.png,True,True,800,600,800,600,True
dataE,03_01_109.png,True,True,800,600,800,600,True
dataE,03_01_118.png,True,True,800,600,800,600,True
dataE,03_01_119.png,True,True,800,600,800,600,True
dataE,03_01_128.png,True,True,800,600,800,600,True
dataE,03_01_129.png,True,True,800,600,800,600,True
dataE,03_01_138.png,True,True,800,600,800,600,True
dataE,03_01_139.png,True,True,800,600,800,600,True
dataE,03_01_148.png,True,True,800,600,800,600,True
dataE,03_01_149.png,True,True,800,600,800,600,True
dataE,03_01_158.png,True,True,800,600,800,600,True
dataE,03_01_159.png,True,True,800,600,800,600,True
dataE,03_01_168.png,True,True,800,600,800,600,True
dataE,03_01_169.png,True,True,800,600,800,600,True
dataE,03_01_178.png,True,True,800,600,800,600,True
dataE,03_01_179.png,True,True,800,600,800,600,True
dataE,03_01_188.png,True,True,800,600,800,600,True
dataE,03_01_189.png,True,True,800,600,800,600,True
dataE,03_01_198.png,True,True,800,600,800,600,True
dataE,03_01_199.png,True,True,800,600,800,600,True
dataE,03_01_208.png,True,True,800,600,800,600,True
dataE,03_01_209.png,True,True,800,600,800,600,True
dataE,03_01_218.png,True,True,800,600,800,600,True
dataE,03_01_219.png,True,True,800,600,800,600,True
dataE,03_01_228.png,True,True,800,600,800,600,True
dataE,03_01_229.png,True,True,800,600,800,600,True
dataE,03_01_238.png,True,True,800,600,800,600,True
dataE,03_01_239.png,True,True,800,600,800,600,True
dataE,03_01_248.png,True,True,800,600,800,600,True
dataE,03_01_249.png,True,True,800,600,800,600,True
dataE,04_00_008.png,True,True,800,600,800,600,True
dataE,04_00_009.png,True,True,800,600,800,600,True
dataE,04_00_018.png,True,True,800,600,800,600,True
dataE,04_00_019.png,True,True,800,600,800,600,True
dataE,04_00_028.png,True,True,800,600,800,600,True
dataE,04_00_029.png,True,True,800,600,800,600,True
dataE,04_00_038.png,True,True,800,600,800,600,True
dataE,04_00_039.png,True,True,800,600,800,600,True
dataE,04_00_048.png,True,True,800,600,800,600,True
dataE,04_00_049.png,True,True,800,600,800,600,True
dataE,04_00_058.png,True,True,800,600,800,600,True
dataE,04_00_059.png,True,True,800,600,800,600,True
dataE,04_00_068.png,True,True,800,600,800,600,True
dataE,04_00_069.png,True,True,800,600,800,600,True
dataE,04_00_078.png,True,True,800,600,800,600,True
dataE,04_00_079.png,True,True,800,600,800,600,True
dataE,04_00_088.png,True,True,800,600,800,600,True
dataE,04_00_089.png,True,True,800,600,800,600,True
dataE,04_00_098.png,True,True,800,600,800,600,True
dataE,04_00_099.png,True,True,800,600,800,600,True
dataE,04_00_108.png,True,True,800,600,800,600,True
dataE,04_00_109.png,True,True,800,600,800,600,True
dataE,04_00_118.png,True,True,800,600,800,600,True
dataE,04_00_119.png,True,True,800,600,800,600,True
dataE,04_00_128.png,True,True,800,600,800,600,True
dataE,04_00_129.png,True,True,800,600,800,600,True
dataE,04_00_138.png,True,True,800,600,800,600,True
dataE,04_00_139.png,True,True,800,600,800,600,True
dataE,04_00_148.png,True,True,800,600,800,600,True
dataE,04_00_149.png,True,True,800,600,800,600,True
dataE,04_00_158.png,True,True,800,600,800,600,True
dataE,04_00_159.png,True,True,800,600,800,600,True
dataE,04_00_168.png,True,True,800,600,800,600,True
dataE,04_00_169.png,True,True,800,600,800,600,True
dataE,04_00_178.png,True,True,800,600,800,600,True
dataE,04_00_179.png,True,True,800,600,800,600,True
dataE,04_00_188.png,True,True,800,600,800,600,True
dataE,04_00_189.png,True,True,800,600,800,600,True
dataE,04_00_198.png,True,True,800,600,800,600,True
dataE,04_00_199.png,True,True,800,600,800,600,True
dataE,04_00_208.png,True,True,800,600,800,600,True
dataE,04_00_209.png,True,True,800,600,800,600,True
dataE,04_00_218.png,True,True,800,600,800,600,True
dataE,04_00_219.png,True,True,800,600,800,600,True
dataE,04_00_228.png,True,True,800,600,800,600,True
dataE,04_00_229.png,True,True,800,600,800,600,True
dataE,04_00_238.png,True,True,800,600,800,600,True
dataE,04_00_239.png,True,True,800,600,800,600,True
dataE,04_00_248.png,True,True,800,600,800,600,True
dataE,04_00_249.png,True,True,800,600,800,600,True
dataE,05_00_008.png,True,True,800,600,800,600,True
dataE,05_00_009.png,True,True,800,600,800,600,True
dataE,05_00_018.png,True,True,800,600,800,600,True
dataE,05_00_019.png,True,True,800,600,800,600,True
dataE,05_00_028.png,True,True,800,600,800,600,True
dataE,05_00_029.png,True,True,800,600,800,600,True
dataE,05_00_038.png,True,True,800,600,800,600,True
dataE,05_00_039.png,True,True,800,600,800,600,True
dataE,05_00_048.png,True,True,800,600,800,600,True
dataE,05_00_049.png,True,True,800,600,800,600,True
dataE,05_00_058.png,True,True,800,600,800,600,True
dataE,05_00_059.png,True,True,800,600,800,600,True
dataE,05_00_068.png,True,True,800,600,800,600,True
dataE,05_00_069.png,True,True,800,600,800,600,True
dataE,05_00_078.png,True,True,800,600,800,600,True
dataE,05_00_079.png,True,True,800,600,800,600,True
dataE,05_00_088.png,True,True,800,600,800,600,True
dataE,05_00_089.png,True,True,800,600,800,600,True
dataE,05_00_098.png,True,True,800,600,800,600,True
dataE,05_00_099.png,True,True,800,600,800,600,True
dataE,05_00_108.png,True,True,800,600,800,600,True
dataE,05_00_109.png,True,True,800,600,800,600,True
dataE,05_00_118.png,True,True,800,600,800,600,True
dataE,05_00_119.png,True,True,800,600,800,600,True
dataE,05_00_128.png,True,True,800,600,800,600,True
dataE,05_00_129.png,True,True,800,600,800,600,True
dataE,05_00_138.png,True,True,800,600,800,600,True
dataE,05_00_139.png,True,True,800,600,800,600,True
dataE,05_00_148.png,True,True,800,600,800,600,True
dataE,05_00_149.png,True,True,800,600,800,600,True
dataE,05_00_158.png,True,True,800,600,800,600,True
dataE,05_00_159.png,True,True,800,600,800,600,True
dataE,05_00_168.png,True,True,800,600,800,600,True
dataE,05_00_169.png,True,True,800,600,800,600,True
dataE,05_00_178.png,True,True,800,600,800,600,True
dataE,05_00_179.png,True,True,800,600,800,600,True
dataE,05_00_188.png,True,True,800,600,800,600,True
dataE,05_00_189.png,True,True,800,600,800,600,True
dataE,05_00_198.png,True,True,800,600,800,600,True
dataE,05_00_199.png,True,True,800,600,800,600,True
dataE,05_00_208.png,True,True,800,600,800,600,True
dataE,05_00_209.png,True,True,800,600,800,600,True
dataE,05_00_218.png,True,True,800,600,800,600,True
dataE,05_00_219.png,True,True,800,600,800,600,True
dataE,05_00_228.png,True,True,800,600,800,600,True
dataE,05_00_229.png,True,True,800,600,800,600,True
dataE,05_00_238.png,True,True,800,600,800,600,True
dataE,05_00_239.png,True,True,800,600,800,600,True
dataE,05_00_248.png,True,True,800,600,800,600,True
dataE,05_00_249.png,True,True,800,600,800,600,True
dataE,06_00_008.png,True,True,800,600,800,600,True
dataE,06_00_009.png,True,True,800,600,800,600,True
dataE,06_00_018.png,True,True,800,600,800,600,True
dataE,06_00_019.png,True,True,800,600,800,600,True
dataE,06_00_028.png,True,True,800,600,800,600,True
dataE,06_00_029.png,True,True,800,600,800,600,True
dataE,06_00_038.png,True,True,800,600,800,600,True
dataE,06_00_039.png,True,True,800,600,800,600,True
dataE,06_00_048.png,True,True,800,600,800,600,True
dataE,06_00_049.png,True,True,800,600,800,600,True
dataE,06_00_058.png,True,True,800,600,800,600,True
dataE,06_00_059.png,True,True,800,600,800,600,True
dataE,06_00_068.png,True,True,800,600,800,600,True
dataE,06_00_069.png,True,True,800,600,800,600,True
dataE,06_00_078.png,True,True,800,600,800,600,True
dataE,06_00_079.png,True,True,800,600,800,600,True
dataE,06_00_088.png,True,True,800,600,800,600,True
dataE,06_00_089.png,True,True,800,600,800,600,True
dataE,06_00_098.png,True,True,800,600,800,600,True
dataE,06_00_099.png,True,True,800,600,800,600,True
dataE,06_00_108.png,True,True,800,600,800,600,True
dataE,06_00_109.png,True,True,800,600,800,600,True
dataE,06_00_118.png,True,True,800,600,800,600,True
dataE,06_00_119.png,True,True,800,600,800,600,True
dataE,06_00_128.png,True,True,800,600,800,600,True
dataE,06_00_129.png,True,True,800,600,800,600,True
dataE,06_00_138.png,True,True,800,600,800,600,True
dataE,06_00_139.png,True,True,800,600,800,600,True
dataE,06_00_148.png,True,True,800,600,800,600,True
dataE,06_00_149.png,True,True,800,600,800,600,True
dataE,06_00_158.png,True,True,800,600,800,600,True
dataE,06_00_159.png,True,True,800,600,800,600,True
dataE,06_00_168.png,True,True,800,600,800,600,True
dataE,06_00_169.png,True,True,800,600,800,600,True
dataE,06_00_178.png,True,True,800,600,800,600,True
dataE,06_00_179.png,True,True,800,600,800,600,True
dataE,06_00_188.png,True,True,800,600,800,600,True
dataE,06_00_189.png,True,True,800,600,800,600,True
dataE,06_00_198.png,True,True,800,600,800,600,True
dataE,06_00_199.png,True,True,800,600,800,600,True
dataE,06_00_208.png,True,True,800,600,800,600,True
dataE,06_00_209.png,True,True,800,600,800,600,True
dataE,06_00_218.png,True,True,800,600,800,600,True
dataE,06_00_219.png,True,True,800,600,800,600,True
dataE,06_00_228.png,True,True,800,600,800,600,True
dataE,06_00_229.png,True,True,800,600,800,600,True
dataE,06_00_238.png,True,True,800,600,800,600,True
dataE,06_00_239.png,True,True,800,600,800,600,True
dataE,06_00_248.png,True,True,800,600,800,600,True
dataE,06_00_249.png,True,True,800,600,800,600,True
dataE,07_00_008.png,True,True,800,600,800,600,True
dataE,07_00_009.png,True,True,800,600,800,600,True
dataE,07_00_018.png,True,True,800,600,800,600,True
dataE,07_00_019.png,True,True,800,600,800,600,True
dataE,07_00_028.png,True,True,800,600,800,600,True
dataE,07_00_029.png,True,True,800,600,800,600,True
dataE,07_00_038.png,True,True,800,600,800,600,True
dataE,07_00_039.png,True,True,800,600,800,600,True
dataE,07_00_048.png,True,True,800,600,800,600,True
dataE,07_00_049.png,True,True,800,600,800,600,True
dataE,07_00_058.png,True,True,800,600,800,600,True
dataE,07_00_059.png,True,True,800,600,800,600,True
dataE,07_00_068.png,True,True,800,600,800,600,True
dataE,07_00_069.png,True,True,800,600,800,600,True
dataE,07_00_078.png,True,True,800,600,800,600,True
dataE,07_00_079.png,True,True,800,600,800,600,True
dataE,07_00_088.png,True,True,800,600,800,600,True
dataE,07_00_089.png,True,True,800,600,800,600,True
dataE,07_00_098.png,True,True,800,600,800,600,True
dataE,07_00_099.png,True,True,800,600,800,600,True
dataE,07_00_108.png,True,True,800,600,800,600,True
dataE,07_00_109.png,True,True,800,600,800,600,True
dataE,07_00_118.png,True,True,800,600,800,600,True
dataE,07_00_119.png,True,True,800,600,800,600,True
dataE,07_00_128.png,True,True,800,600,800,600,True
dataE,07_00_129.png,True,True,800,600,800,600,True
dataE,07_00_138.png,True,True,800,600,800,600,True
dataE,07_00_139.png,True,True,800,600,800,600,True
dataE,07_00_148.png,True,True,800,600,800,600,True
dataE,07_00_149.png,True,True,800,600,800,600,True
dataE,07_00_158.png,True,True,800,600,800,600,True
dataE,07_00_159.png,True,True,800,600,800,600,True
dataE,07_00_168.png,True,True,800,600,800,600,True
dataE,07_00_169.png,True,True,800,600,800,600,True
dataE,07_00_178.png,True,True,800,600,800,600,True
dataE,07_00_179.png,True,True,800,600,800,600,True
dataE,07_00_188.png,True,True,800,600,800,600,True
dataE,07_00_189.png,True,True,800,600,800,600,True
dataE,07_00_198.png,True,True,800,600,800,600,True
dataE,07_00_199.png,True,True,800,600,800,600,True
dataE,07_00_208.png,True,True,800,600,800,600,True
dataE,07_00_209.png,True,True,800,600,800,600,True
dataE,07_00_218.png,True,True,800,600,800,600,True
dataE,07_00_219.png,True,True,800,600,800,600,True
dataE,07_00_228.png,True,True,800,600,800,600,True
dataE,07_00_229.png,True,True,800,600,800,600,True
dataE,07_00_238.png,True,True,800,600,800,600,True
dataE,07_00_239.png,True,True,800,600,800,600,True
dataE,07_00_248.png,True,True,800,600,800,600,True
dataE,07_00_249.png,True,True,800,600,800,600,True
dataE,08_00_008.png,True,True,800,600,800,600,True
dataE,08_00_009.png,True,True,800,600,800,600,True
dataE,08_00_018.png,True,True,800,600,800,600,True
dataE,08_00_019.png,True,True,800,600,800,600,True
dataE,08_00_028.png,True,True,800,600,800,600,True
dataE,08_00_029.png,True,True,800,600,800,600,True
dataE,08_00_038.png,True,True,800,600,800,600,True
dataE,08_00_039.png,True,True,800,600,800,600,True
dataE,08_00_048.png,True,True,800,600,800,600,True
dataE,08_00_049.png,True,True,800,600,800,600,True
dataE,08_00_058.png,True,True,800,600,800,600,True
dataE,08_00_059.png,True,True,800,600,800,600,True
dataE,08_00_068.png,True,True,800,600,800,600,True
dataE,08_00_069.png,True,True,800,600,800,600,True
dataE,08_00_078.png,True,True,800,600,800,600,True
dataE,08_00_079.png,True,True,800,600,800,600,True
dataE,08_00_088.png,True,True,800,600,800,600,True
dataE,08_00_089.png,True,True,800,600,800,600,True
dataE,08_00_098.png,True,True,800,600,800,600,True
dataE,08_00_099.png,True,True,800,600,800,600,True
dataE,08_00_108.png,True,True,800,600,800,600,True
dataE,08_00_109.png,True,True,800,600,800,600,True
dataE,08_00_118.png,True,True,800,600,800,600,True
dataE,08_00_119.png,True,True,800,600,800,600,True
dataE,08_00_128.png,True,True,800,600,800,600,True
dataE,08_00_129.png,True,True,800,600,800,600,True
dataE,08_00_138.png,True,True,800,600,800,600,True
dataE,08_00_139.png,True,True,800,600,800,600,True
dataE,08_00_148.png,True,True,800,600,800,600,True
dataE,08_00_149.png,True,True,800,600,800,600,True
dataE,08_00_158.png,True,True,800,600,800,600,True
dataE,08_00_159.png,True,True,800,600,800,600,True
dataE,08_00_168.png,True,True,800,600,800,600,True
dataE,08_00_169.png,True,True,800,600,800,600,True
dataE,08_00_178.png,True,True,800,600,800,600,True
dataE,08_00_179.png,True,True,800,600,800,600,True
dataE,08_00_188.png,True,True,800,600,800,600,True
dataE,08_00_189.png,True,True,800,600,800,600,True
dataE,08_00_198.png,True,True,800,600,800,600,True
dataE,08_00_199.png,True,True,800,600,800,600,True
dataE,08_00_208.png,True,True,800,600,800,600,True
dataE,08_00_209.png,True,True,800,600,800,600,True
dataE,08_00_218.png,True,True,800,600,800,600,True
dataE,08_00_219.png,True,True,800,600,800,600,True
dataE,08_00_228.png,True,True,800,600,800,600,True
dataE,08_00_229.png,True,True,800,600,800,600,True
dataE,08_00_238.png,True,True,800,600,800,600,True
dataE,08_00_239.png,True,True,800,600,800,600,True
dataE,08_00_248.png,True,True,800,600,800,600,True
dataE,08_00_249.png,True,True,800,600,800,600,True
dataE,09_00_008.png,True,True,800,600,800,600,True
dataE,09_00_009.png,True,True,800,600,800,600,True
dataE,09_00_018.png,True,True,800,600,800,600,True
dataE,09_00_019.png,True,True,800,600,800,600,True
dataE,09_00_028.png,True,True,800,600,800,600,True
dataE,09_00_029.png,True,True,800,600,800,600,True
dataE,09_00_038.png,True,True,800,600,800,600,True
dataE,09_00_039.png,True,True,800,600,800,600,True
dataE,09_00_048.png,True,True,800,600,800,600,True
dataE,09_00_049.png,True,True,800,600,800,600,True
dataE,09_00_058.png,True,True,800,600,800,600,True
dataE,09_00_059.png,True,True,800,600,800,600,True
dataE,09_00_068.png,True,True,800,600,800,600,True
dataE,09_00_069.png,True,True,800,600,800,600,True
dataE,09_00_078.png,True,True,800,600,800,600,True
dataE,09_00_079.png,True,True,800,600,800,600,True
dataE,09_00_088.png,True,True,800,600,800,600,True
dataE,09_00_089.png,True,True,800,600,800,600,True
dataE,09_00_098.png,True,True,800,600,800,600,True
dataE,09_00_099.png,True,True,800,600,800,600,True
dataE,09_00_108.png,True,True,800,600,800,600,True
dataE,09_00_109.png,True,True,800,600,800,600,True
dataE,09_00_118.png,True,True,800,600,800,600,True
dataE,09_00_119.png,True,True,800,600,800,600,True
dataE,09_00_128.png,True,True,800,600,800,600,True
dataE,09_00_129.png,True,True,800,600,800,600,True
dataE,09_00_138.png,True,True,800,600,800,600,True
dataE,09_00_139.png,True,True,800,600,800,600,True
dataE,09_00_148.png,True,True,800,600,800,600,True
dataE,09_00_149.png,True,True,800,600,800,600,True
dataE,09_00_158.png,True,True,800,600,800,600,True
dataE,09_00_159.png,True,True,800,600,800,600,True
dataE,09_00_168.png,True,True,800,600,800,600,True
dataE,09_00_169.png,True,True,800,600,800,600,True
dataE,09_00_178.png,True,True,800,600,800,600,True
dataE,09_00_179.png,True,True,800,600,800,600,True
dataE,09_00_188.png,True,True,800,600,800,600,True
dataE,09_00_189.png,True,True,800,600,800,600,True
dataE,09_00_198.png,True,True,800,600,800,600,True
dataE,09_00_199.png,True,True,800,600,800,600,True
dataE,09_00_208.png,True,True,800,600,800,600,True
dataE,09_00_209.png,True,True,800,600,800,600,True
dataE,09_00_218.png,True,True,800,600,800,600,True
dataE,09_00_219.png,True,True,800,600,800,600,True
dataE,09_00_228.png,True,True,800,600,800,600,True
dataE,09_00_229.png,True,True,800,600,800,600,True
dataE,09_00_238.png,True,True,800,600,800,600,True
dataE,09_00_239.png,True,True,800,600,800,600,True
dataE,09_00_248.png,True,True,800,600,800,600,True
dataE,09_00_249.png,True,True,800,600,800,600,True
dataE,10_00_008.png,True,True,800,600,800,600,True
dataE,10_00_009.png,True,True,800,600,800,600,True
dataE,10_00_018.png,True,True,800,600,800,600,True
dataE,10_00_019.png,True,True,800,600,800,600,True
dataE,10_00_028.png,True,True,800,600,800,600,True
dataE,10_00_029.png,True,True,800,600,800,600,True
dataE,10_00_038.png,True,True,800,600,800,600,True
dataE,10_00_039.png,True,True,800,600,800,600,True
dataE,10_00_048.png,True,True,800,600,800,600,True
dataE,10_00_049.png,True,True,800,600,800,600,True
dataE,10_00_058.png,True,True,800,600,800,600,True
dataE,10_00_059.png,True,True,800,600,800,600,True
dataE,10_00_068.png,True,True,800,600,800,600,True
dataE,10_00_069.png,True,True,800,600,800,600,True
dataE,10_00_078.png,True,True,800,600,800,600,True
dataE,10_00_079.png,True,True,800,600,800,600,True
dataE,10_00_088.png,True,True,800,600,800,600,True
dataE,10_00_089.png,True,True,800,600,800,600,True
dataE,10_00_098.png,True,True,800,600,800,600,True
dataE,10_00_099.png,True,True,800,600,800,600,True
dataE,10_00_108.png,True,True,800,600,800,600,True
dataE,10_00_109.png,True,True,800,600,800,600,True
dataE,10_00_118.png,True,True,800,600,800,600,True
dataE,10_00_119.png,True,True,800,600,800,600,True
dataE,10_00_128.png,True,True,800,600,800,600,True
dataE,10_00_129.png,True,True,800,600,800,600,True
dataE,10_00_138.png,True,True,800,600,800,600,True
dataE,10_00_139.png,True,True,800,600,800,600,True
dataE,10_00_148.png,True,True,800,600,800,600,True
dataE,10_00_149.png,True,True,800,600,800,600,True
dataE,10_00_158.png,True,True,800,600,800,600,True
dataE,10_00_159.png,True,True,800,600,800,600,True
dataE,10_00_168.png,True,True,800,600,800,600,True
dataE,10_00_169.png,True,True,800,600,800,600,True
dataE,10_00_178.png,True,True,800,600,800,600,True
dataE,10_00_179.png,True,True,800,600,800,600,True
dataE,10_00_188.png,True,True,800,600,800,600,True
dataE,10_00_189.png,True,True,800,600,800,600,True
dataE,10_00_198.png,True,True,800,600,800,600,True
dataE,10_00_199.png,True,True,800,600,800,600,True
dataE,10_00_208.png,True,True,800,600,800,600,True
dataE,10_00_209.png,True,True,800,600,800,600,True
dataE,10_00_218.png,True,True,800,600,800,600,True
dataE,10_00_219.png,True,True,800,600,800,600,True
dataE,10_00_228.png,True,True,800,600,800,600,True
dataE,10_00_229.png,True,True,800,600,800,600,True
dataE,10_00_238.png,True,True,800,600,800,600,True
dataE,10_00_239.png,True,True,800,600,800,600,True
dataE,10_00_248.png,True,True,800,600,800,600,True
dataE,10_00_249.png,True,True,800,600,800,600,True
dataE,F1-18.png,True,True,800,600,800,600,True
dataE,F1-19.png,True,True,800,600,800,600,True
dataE,F1-28.png,True,True,800,600,800,600,True
dataE,F1-29.png,True,True,800,600,800,600,True
dataE,F1-38.png,True,True,800,600,800,600,True
dataE,F1-39.png,True,True,800,600,800,600,True
dataE,F1-48.png,True,True,800,600,800,600,True
dataE,F1-49.png,True,True,800,600,800,600,True
dataE,F1-58.png,True,True,800,600,800,600,True
dataE,F1-59.png,True,True,800,600,800,600,True
dataE,F1-68.png,True,True,800,600,800,600,True
dataE,F1-69.png,True,True,800,600,800,600,True
dataE,F1-78.png,True,True,800,600,800,600,True
dataE,F1-79.png,True,True,800,600,800,600,True
dataE,F1-8.png,True,True,800,600,800,600,True
dataE,F1-88.png,True,True,800,600,800,600,True
dataE,F1-89.png,True,True,800,600,800,600,True
dataE,F1-9.png,True,True,800,600,800,600,True
dataE,F1-98.png,True,True,800,600,800,600,True
dataE,F1-99.png,True,True,800,600,800,600,True
dataE,F10-18.png,True,True,800,600,800,600,True
dataE,F10-19.png,True,True,800,600,800,600,True
dataE,F10-28.png,True,True,800,600,800,600,True
dataE,F10-29.png,True,True,800,600,800,600,True
dataE,F10-38.png,True,True,800,600,800,600,True
dataE,F10-39.png,True,True,800,600,800,600,True
dataE,F10-48.png,True,True,800,600,800,600,True
dataE,F10-49.png,True,True,800,600,800,600,True
dataE,F10-58.png,True,True,800,600,800,600,True
dataE,F10-59.png,True,True,800,600,800,600,True
dataE,F10-68.png,True,True,800,600,800,600,True
dataE,F10-69.png,True,True,800,600,800,600,True
dataE,F10-78.png,True,True,800,600,800,600,True
dataE,F10-79.png,True,True,800,600,800,600,True
dataE,F10-8.png,True,True,800,600,800,600,True
dataE,F10-88.png,True,True,800,600,800,600,True
dataE,F10-89.png,True,True,800,600,800,600,True
dataE,F10-9.png,True,True,800,600,800,600,True
dataE,F10-98.png,True,True,800,600,800,600,True
dataE,F10-99.png,True,True,800,600,800,600,True
dataE,F2-18.png,True,True,800,600,800,600,True
dataE,F2-19.png,True,True,800,600,800,600,True
dataE,F2-28.png,True,True,800,600,800,600,True
dataE,F2-29.png,True,True,800,600,800,600,True
dataE,F2-38.png,True,True,800,600,800,600,True
dataE,F2-39.png,True,True,800,600,800,600,True
dataE,F2-48.png,True,True,800,600,800,600,True
dataE,F2-49.png,True,True,800,600,800,600,True
dataE,F2-58.png,True,True,800,600,800,600,True
dataE,F2-59.png,True,True,800,600,800,600,True
dataE,F2-68.png,True,True,800,600,800,600,True
dataE,F2-69.png,True,True,800,600,800,600,True
dataE,F2-78.png,True,True,800,600,800,600,True
dataE,F2-79.png,True,True,800,600,800,600,True
dataE,F2-8.png,True,True,800,600,800,600,True
dataE,F2-88.png,True,True,800,600,800,600,True
dataE,F2-89.png,True,True,800,600,800,600,True
dataE,F2-9.png,True,True,800,600,800,600,True
dataE,F2-98.png,True,True,800,600,800,600,True
dataE,F2-99.png,True,True,800,600,800,600,True
dataE,F3-18.png,True,True,800,600,800,600,True
dataE,F3-19.png,True,True,800,600,800,600,True
dataE,F3-28.png,True,True,800,600,800,600,True
dataE,F3-29.png,True,True,800,600,800,600,True
dataE,F3-38.png,True,True,800,600,800,600,True
dataE,F3-39.png,True,True,800,600,800,600,True
dataE,F3-48.png,True,True,800,600,800,600,True
dataE,F3-49.png,True,True,800,600,800,600,True
dataE,F3-58.png,True,True,800,600,800,600,True
dataE,F3-59.png,True,True,800,600,800,600,True
dataE,F3-68.png,True,True,800,600,800,600,True
dataE,F3-69.png,True,True,800,600,800,600,True
dataE,F3-78.png,True,True,800,600,800,600,True
dataE,F3-79.png,True,True,800,600,800,600,True
dataE,F3-8.png,True,True,800,600,800,600,True
dataE,F3-88.png,True,True,800,600,800,600,True
dataE,F3-89.png,True,True,800,600,800,600,True
dataE,F3-9.png,True,True,800,600,800,600,True
dataE,F3-98.png,True,True,800,600,800,600,True
dataE,F3-99.png,True,True,800,600,800,600,True
dataE,F4-18.png,True,True,800,600,800,600,True
dataE,F4-19.png,True,True,800,600,800,600,True
dataE,F4-28.png,True,True,800,600,800,600,True
dataE,F4-29.png,True,True,800,600,800,600,True
dataE,F4-38.png,True,True,800,600,800,600,True
dataE,F4-39.png,True,True,800,600,800,600,True
dataE,F4-48.png,True,True,800,600,800,600,True
dataE,F4-49.png,True,True,800,600,800,600,True
dataE,F4-58.png,True,True,800,600,800,600,True
dataE,F4-59.png,True,True,800,600,800,600,True
dataE,F4-68.png,True,True,800,600,800,600,True
dataE,F4-69.png,True,True,800,600,800,600,True
dataE,F4-78.png,True,True,800,600,800,600,True
dataE,F4-79.png,True,True,800,600,800,600,True
dataE,F4-8.png,True,True,800,600,800,600,True
dataE,F4-88.png,True,True,800,600,800,600,True
dataE,F4-89.png,True,True,800,600,800,600,True
dataE,F4-9.png,True,True,800,600,800,600,True
dataE,F4-98.png,True,True,800,600,800,600,True
dataE,F4-99.png,True,True,800,600,800,600,True
dataE,F5-18.png,True,True,800,600,800,600,True
dataE,F5-19.png,True,True,800,600,800,600,True
dataE,F5-28.png,True,True,800,600,800,600,True
dataE,F5-29.png,True,True,800,600,800,600,True
dataE,F5-38.png,True,True,800,600,800,600,True
dataE,F5-39.png,True,True,800,600,800,600,True
dataE,F5-48.png,True,True,800,600,800,600,True
dataE,F5-49.png,True,True,800,600,800,600,True
dataE,F5-58.png,True,True,800,600,800,600,True
dataE,F5-59.png,True,True,800,600,800,600,True
dataE,F5-68.png,True,True,800,600,800,600,True
dataE,F5-69.png,True,True,800,600,800,600,True
dataE,F5-78.png,True,True,800,600,800,600,True
dataE,F5-79.png,True,True,800,600,800,600,True
dataE,F5-8.png,True,True,800,600,800,600,True
dataE,F5-88.png,True,True,800,600,800,600,True
dataE,F5-89.png,True,True,800,600,800,600,True
dataE,F5-9.png,True,True,800,600,800,600,True
dataE,F5-98.png,True,True,800,600,800,600,True
dataE,F5-99.png,True,True,800,600,800,600,True
dataE,F6-18.png,True,True,800,600,800,600,True
dataE,F6-19.png,True,True,800,600,800,600,True
dataE,F6-28.png,True,True,800,600,800,600,True
dataE,F6-29.png,True,True,800,600,800,600,True
dataE,F6-38.png,True,True,800,600,800,600,True
dataE,F6-39.png,True,True,800,600,800,600,True
dataE,F6-48.png,True,True,800,600,800,600,True
dataE,F6-49.png,True,True,800,600,800,600,True
dataE,F6-58.png,True,True,800,600,800,600,True
dataE,F6-59.png,True,True,800,600,800,600,True
dataE,F6-68.png,True,True,800,600,800,600,True
dataE,F6-69.png,True,True,800,600,800,600,True
dataE,F6-78.png,True,True,800,600,800,600,True
dataE,F6-79.png,True,True,800,600,800,600,True
dataE,F6-8.png,True,True,800,600,800,600,True
dataE,F6-88.png,True,True,800,600,800,600,True
dataE,F6-89.png,True,True,800,600,800,600,True
dataE,F6-9.png,True,True,800,600,800,600,True
dataE,F6-98.png,True,True,800,600,800,600,True
dataE,F6-99.png,True,True,800,600,800,600,True
dataE,F61-18.png,True,True,800,600,800,600,True
dataE,F61-19.png,True,True,800,600,800,600,True
dataE,F61-28.png,True,True,800,600,800,600,True
dataE,F61-29.png,True,True,800,600,800,600,True
dataE,F61-38.png,True,True,800,600,800,600,True
dataE,F61-39.png,True,True,800,600,800,600,True
dataE,F61-48.png,True,True,800,600,800,600,True
dataE,F61-49.png,True,True,800,600,800,600,True
dataE,F61-58.png,True,True,800,600,800,600,True
dataE,F61-59.png,True,True,800,600,800,600,True
dataE,F61-68.png,True,True,800,600,800,600,True
dataE,F61-69.png,True,True,800,600,800,600,True
dataE,F61-78.png,True,True,800,600,800,600,True
dataE,F61-79.png,True,True,800,600,800,600,True
dataE,F61-8.png,True,True,800,600,800,600,True
dataE,F61-88.png,True,True,800,600,800,600,True
dataE,F61-89.png,True,True,800,600,800,600,True
dataE,F61-9.png,True,True,800,600,800,600,True
dataE,F61-98.png,True,True,800,600,800,600,True
dataE,F61-99.png,True,True,800,600,800,600,True
dataE,F62-18.png,True,True,800,600,800,600,True
dataE,F62-19.png,True,True,800,600,800,600,True
dataE,F62-28.png,True,True,800,600,800,600,True
dataE,F62-29.png,True,True,800,600,800,600,True
dataE,F62-38.png,True,True,800,600,800,600,True
dataE,F62-39.png,True,True,800,600,800,600,True
dataE,F62-48.png,True,True,800,600,800,600,True
dataE,F62-49.png,True,True,800,600,800,600,True
dataE,F62-58.png,True,True,800,600,800,600,True
dataE,F62-59.png,True,True,800,600,800,600,True
dataE,F62-68.png,True,True,800,600,800,600,True
dataE,F62-69.png,True,True,800,600,800,600,True
dataE,F62-78.png,True,True,800,600,800,600,True
dataE,F62-79.png,True,True,800,600,800,600,True
dataE,F62-8.png,True,True,800,600,800,600,True
dataE,F62-88.png,True,True,800,600,800,600,True
dataE,F62-89.png,True,True,800,600,800,600,True
dataE,F62-9.png,True,True,800,600,800,600,True
dataE,F62-98.png,True,True,800,600,800,600,True
dataE,F62-99.png,True,True,800,600,800,600,True
dataE,F63-18.png,True,True,800,600,800,600,True
dataE,F63-19.png,True,True,800,600,800,600,True
dataE,F63-28.png,True,True,800,600,800,600,True
dataE,F63-29.png,True,True,800,600,800,600,True
dataE,F63-38.png,True,True,800,600,800,600,True
dataE,F63-39.png,True,True,800,600,800,600,True
dataE,F63-48.png,True,True,800,600,800,600,True
dataE,F63-49.png,True,True,800,600,800,600,True
dataE,F63-58.png,True,True,800,600,800,600,True
dataE,F63-59.png,True,True,800,600,800,600,True
dataE,F63-68.png,True,True,800,600,800,600,True
dataE,F63-69.png,True,True,800,600,800,600,True
dataE,F63-78.png,True,True,800,600,800,600,True
dataE,F63-79.png,True,True,800,600,800,600,True
dataE,F63-8.png,True,True,800,600,800,600,True
dataE,F63-88.png,True,True,800,600,800,600,True
dataE,F63-89.png,True,True,800,600,800,600,True
dataE,F63-9.png,True,True,800,600,800,600,True
dataE,F63-98.png,True,True,800,600,800,600,True
dataE,F63-99.png,True,True,800,600,800,600,True
dataE,F64-18.png,True,True,800,600,800,600,True
dataE,F64-19.png,True,True,800,600,800,600,True
dataE,F64-28.png,True,True,800,600,800,600,True
dataE,F64-29.png,True,True,800,600,800,600,True
dataE,F64-38.png,True,True,800,600,800,600,True
dataE,F64-39.png,True,True,800,600,800,600,True
dataE,F64-48.png,True,True,800,600,800,600,True
dataE,F64-49.png,True,True,800,600,800,600,True
dataE,F64-58.png,True,True,800,600,800,600,True
dataE,F64-59.png,True,True,800,600,800,600,True
dataE,F64-68.png,True,True,800,600,800,600,True
dataE,F64-69.png,True,True,800,600,800,600,True
dataE,F64-78.png,True,True,800,600,800,600,True
dataE,F64-79.png,True,True,800,600,800,600,True
dataE,F64-8.png,True,True,800,600,800,600,True
dataE,F64-88.png,True,True,800,600,800,600,True
dataE,F64-89.png,True,True,800,600,800,600,True
dataE,F64-9.png,True,True,800,600,800,600,True
dataE,F64-98.png,True,True,800,600,800,600,True
dataE,F64-99.png,True,True,800,600,800,600,True
dataE,F65-18.png,True,True,800,600,800,600,True
dataE,F65-19.png,True,True,800,600,800,600,True
dataE,F65-28.png,True,True,800,600,800,600,True
dataE,F65-29.png,True,True,800,600,800,600,True
dataE,F65-38.png,True,True,800,600,800,600,True
dataE,F65-39.png,True,True,800,600,800,600,True
dataE,F65-48.png,True,True,800,600,800,600,True
dataE,F65-49.png,True,True,800,600,800,600,True
dataE,F65-58.png,True,True,800,600,800,600,True
dataE,F65-59.png,True,True,800,600,800,600,True
dataE,F65-68.png,True,True,800,600,800,600,True
dataE,F65-69.png,True,True,800,600,800,600,True
dataE,F65-78.png,True,True,800,600,800,600,True
dataE,F65-79.png,True,True,800,600,800,600,True
dataE,F65-8.png,True,True,800,600,800,600,True
dataE,F65-88.png,True,True,800,600,800,600,True
dataE,F65-89.png,True,True,800,600,800,600,True
dataE,F65-9.png,True,True,800,600,800,600,True
dataE,F65-98.png,True,True,800,600,800,600,True
dataE,F65-99.png,True,True,800,600,800,600,True
dataE,F66-18.png,True,True,800,600,800,600,True
dataE,F66-19.png,True,True,800,600,800,600,True
dataE,F66-28.png,True,True,800,600,800,600,True
dataE,F66-29.png,True,True,800,600,800,600,True
dataE,F66-38.png,True,True,800,600,800,600,True
dataE,F66-39.png,True,True,800,600,800,600,True
dataE,F66-48.png,True,True,800,600,800,600,True
dataE,F66-49.png,True,True,800,600,800,600,True
dataE,F66-58.png,True,True,800,600,800,600,True
dataE,F66-59.png,True,True,800,600,800,600,True
dataE,F66-68.png,True,True,800,600,800,600,True
dataE,F66-69.png,True,True,800,600,800,600,True
dataE,F66-78.png,True,True,800,600,800,600,True
dataE,F66-79.png,True,True,800,600,800,600,True
dataE,F66-8.png,True,True,800,600,800,600,True
dataE,F66-88.png,True,True,800,600,800,600,True
dataE,F66-89.png,True,True,800,600,800,600,True
dataE,F66-9.png,True,True,800,600,800,600,True
dataE,F66-98.png,True,True,800,600,800,600,True
dataE,F66-99.png,True,True,800,600,800,600,True
dataE,F67-18.png,True,True,800,600,800,600,True
dataE,F67-19.png,True,True,800,600,800,600,True
dataE,F67-28.png,True,True,800,600,800,600,True
dataE,F67-29.png,True,True,800,600,800,600,True
dataE,F67-38.png,True,True,800,600,800,600,True
dataE,F67-39.png,True,True,800,600,800,600,True
dataE,F67-48.png,True,True,800,600,800,600,True
dataE,F67-49.png,True,True,800,600,800,600,True
dataE,F67-58.png,True,True,800,600,800,600,True
dataE,F67-59.png,True,True,800,600,800,600,True
dataE,F67-68.png,True,True,800,600,800,600,True
dataE,F67-69.png,True,True,800,600,800,600,True
dataE,F67-78.png,True,True,800,600,800,600,True
dataE,F67-79.png,True,True,800,600,800,600,True
dataE,F67-8.png,True,True,800,600,800,600,True
dataE,F67-88.png,True,True,800,600,800,600,True
dataE,F67-89.png,True,True,800,600,800,600,True
dataE,F67-9.png,True,True,800,600,800,600,True
dataE,F67-98.png,True,True,800,600,800,600,True
dataE,F67-99.png,True,True,800,600,800,600,True
dataE,F68-18.png,True,True,800,600,800,600,True
dataE,F68-19.png,True,True,800,600,800,600,True
dataE,F68-28.png,True,True,800,600,800,600,True
dataE,F68-29.png,True,True,800,600,800,600,True
dataE,F68-38.png,True,True,800,600,800,600,True
dataE,F68-39.png,True,True,800,600,800,600,True
dataE,F68-48.png,True,True,800,600,800,600,True
dataE,F68-49.png,True,True,800,600,800,600,True
dataE,F68-58.png,True,True,800,600,800,600,True
dataE,F68-59.png,True,True,800,600,800,600,True
dataE,F68-68.png,True,True,800,600,800,600,True
dataE,F68-69.png,True,True,800,600,800,600,True
dataE,F68-78.png,True,True,800,600,800,600,True
dataE,F68-79.png,True,True,800,600,800,600,True
dataE,F68-8.png,True,True,800,600,800,600,True
dataE,F68-88.png,True,True,800,600,800,600,True
dataE,F68-89.png,True,True,800,600,800,600,True
dataE,F68-9.png,True,True,800,600,800,600,True
dataE,F68-98.png,True,True,800,600,800,600,True
dataE,F68-99.png,True,True,800,600,800,600,True
dataE,F69-18.png,True,True,800,600,800,600,True
dataE,F69-19.png,True,True,800,600,800,600,True
dataE,F69-28.png,True,True,800,600,800,600,True
dataE,F69-29.png,True,True,800,600,800,600,True
dataE,F69-38.png,True,True,800,600,800,600,True
dataE,F69-39.png,True,True,800,600,800,600,True
dataE,F69-48.png,True,True,800,600,800,600,True
dataE,F69-49.png,True,True,800,600,800,600,True
dataE,F69-58.png,True,True,800,600,800,600,True
dataE,F69-59.png,True,True,800,600,800,600,True
dataE,F69-68.png,True,True,800,600,800,600,True
dataE,F69-69.png,True,True,800,600,800,600,True
dataE,F69-78.png,True,True,800,600,800,600,True
dataE,F69-79.png,True,True,800,600,800,600,True
dataE,F69-8.png,True,True,800,600,800,600,True
dataE,F69-88.png,True,True,800,600,800,600,True
dataE,F69-89.png,True,True,800,600,800,600,True
dataE,F69-9.png,True,True,800,600,800,600,True
dataE,F69-98.png,True,True,800,600,800,600,True
dataE,F69-99.png,True,True,800,600,800,600,True
dataE,F7-18.png,True,True,800,600,800,600,True
dataE,F7-19.png,True,True,800,600,800,600,True
dataE,F7-28.png,True,True,800,600,800,600,True
dataE,F7-29.png,True,True,800,600,800,600,True
dataE,F7-38.png,True,True,800,600,800,600,True
dataE,F7-39.png,True,True,800,600,800,600,True
dataE,F7-48.png,True,True,800,600,800,600,True
dataE,F7-49.png,True,True,800,600,800,600,True
dataE,F7-58.png,True,True,800,600,800,600,True
dataE,F7-59.png,True,True,800,600,800,600,True
dataE,F7-68.png,True,True,800,600,800,600,True
dataE,F7-69.png,True,True,800,600,800,600,True
dataE,F7-78.png,True,True,800,600,800,600,True
dataE,F7-79.png,True,True,800,600,800,600,True
dataE,F7-8.png,True,True,800,600,800,600,True
dataE,F7-88.png,True,True,800,600,800,600,True
dataE,F7-89.png,True,True,800,600,800,600,True
dataE,F7-9.png,True,True,800,600,800,600,True
dataE,F7-98.png,True,True,800,600,800,600,True
dataE,F7-99.png,True,True,800,600,800,600,True
dataE,F70-18.png,True,True,800,600,800,600,True
dataE,F70-19.png,True,True,800,600,800,600,True
dataE,F70-28.png,True,True,800,600,800,600,True
dataE,F70-29.png,True,True,800,600,800,600,True
dataE,F70-38.png,True,True,800,600,800,600,True
dataE,F70-39.png,True,True,800,600,800,600,True
dataE,F70-48.png,True,True,800,600,800,600,True
dataE,F70-49.png,True,True,800,600,800,600,True
dataE,F70-58.png,True,True,800,600,800,600,True
dataE,F70-59.png,True,True,800,600,800,600,True
dataE,F70-68.png,True,True,800,600,800,600,True
dataE,F70-69.png,True,True,800,600,800,600,True
dataE,F70-78.png,True,True,800,600,800,600,True
dataE,F70-79.png,True,True,800,600,800,600,True
dataE,F70-8.png,True,True,800,600,800,600,True
dataE,F70-88.png,True,True,800,600,800,600,True
dataE,F70-89.png,True,True,800,600,800,600,True
dataE,F70-9.png,True,True,800,600,800,600,True
dataE,F70-98.png,True,True,800,600,800,600,True
dataE,F70-99.png,True,True,800,600,800,600,True
dataE,F8-18.png,True,True,800,600,800,600,True
dataE,F8-19.png,True,True,800,600,800,600,True
dataE,F8-28.png,True,True,800,600,800,600,True
dataE,F8-29.png,True,True,800,600,800,600,True
dataE,F8-38.png,True,True,800,600,800,600,True
dataE,F8-39.png,True,True,800,600,800,600,True
dataE,F8-48.png,True,True,800,600,800,600,True
dataE,F8-49.png,True,True,800,600,800,600,True
dataE,F8-58.png,True,True,800,600,800,600,True
dataE,F8-59.png,True,True,800,600,800,600,True
dataE,F8-68.png,True,True,800,600,800,600,True
dataE,F8-69.png,True,True,800,600,800,600,True
dataE,F8-78.png,True,True,800,600,800,600,True
dataE,F8-79.png,True,True,800,600,800,600,True
dataE,F8-8.png,True,True,800,600,800,600,True
dataE,F8-88.png,True,True,800,600,800,600,True
dataE,F8-89.png,True,True,800,600,800,600,True
dataE,F8-9.png,True,True,800,600,800,600,True
dataE,F8-98.png,True,True,800,600,800,600,True
dataE,F8-99.png,True,True,800,600,800,600,True
dataE,F9-18.png,True,True,800,600,800,600,True
dataE,F9-19.png,True,True,800,600,800,600,True
dataE,F9-28.png,True,True,800,600,800,600,True
dataE,F9-29.png,True,True,800,600,800,600,True
dataE,F9-38.png,True,True,800,600,800,600,True
dataE,F9-39.png,True,True,800,600,800,600,True
dataE,F9-48.png,True,True,800,600,800,600,True
dataE,F9-49.png,True,True,800,600,800,600,True
dataE,F9-58.png,True,True,800,600,800,600,True
dataE,F9-59.png,True,True,800,600,800,600,True
dataE,F9-68.png,True,True,800,600,800,600,True
dataE,F9-69.png,True,True,800,600,800,600,True
dataE,F9-78.png,True,True,800,600,800,600,True
dataE,F9-79.png,True,True,800,600,800,600,True
dataE,F9-8.png,True,True,800,600,800,600,True
dataE,F9-88.png,True,True,800,600,800,600,True
dataE,F9-89.png,True,True,800,600,800,600,True
dataE,F9-9.png,True,True,800,600,800,600,True
dataE,F9-98.png,True,True,800,600,800,600,True
dataE,F9-99.png,True,True,800,600,800,600,True
